NOMBRE,TIPO,AÑO,MES,AUTOS,MOTOS,AUTOBUS DE 2 EJES,AUTOBUS DE 3 EJES,AUTOBUS DE 4 EJES,CAMIONES DE 2 EJES,CAMIONES DE 3 EJES,CAMIONES DE 4 EJES,CAMIONES DE 5 EJES,CAMIONES DE 6 EJES,CAMIONES DE 7 EJES,CAMIONES DE 8 EJES,CAMIONES DE 9 EJES,TRICICLOS,TOTAL,EJE EXTRA AUTOBUS,EJE EXTRA CAMION,PEATONES
Chapalilla - Compostela ,CAMINO,2021,ENERO,138650,2112,5740,1281,0,5201,4719,455,6091,2094,21,1,903,0,167268,691,0,0
Cuauhtemoc-Osiris ,CAMINO,2021,ENERO,136498,740,2706,4360,0,13266,9690,2813,52299,9886,2066,109,24905,0,259338,2414,1,0
Culiacán,PUENTE NACIONAL,2021,ENERO,225656,3055,5814,529,0,7695,4131,606,7171,1519,1,4,505,0,256686,2108,0,0
Sinaloa,PUENTE NACIONAL,2021,ENERO,233139,1547,11335,3479,0,13660,11768,2326,58120,6363,803,64,22163,0,364767,3307,4,0
Pánuco,PUENTE NACIONAL,2021,ENERO,125150,5428,8599,304,0,5421,2931,370,2716,1344,37,19,2264,0,154583,879,129,0
Alvarado,PUENTE NACIONAL,2021,ENERO,109451,7594,6443,425,0,4911,3979,137,2403,1144,0,0,373,0,136860,814,2,0
Papaloapan,PUENTE NACIONAL,2021,ENERO,42572,8137,2773,94,0,4186,4277,116,2999,571,2,2,786,0,66515,5145,615,0
Caracol,PUENTE NACIONAL,2021,ENERO,137476,15215,9837,220,1,7541,4506,260,5262,1025,41,151,11516,0,193051,1206,407,0
Nautla,PUENTE NACIONAL,2021,ENERO,108245,2878,3711,1275,0,6992,8023,565,12224,3328,150,26,7571,0,154988,1236,16,0
Grijalva,PUENTE NACIONAL,2021,ENERO,337781,13307,9065,1386,0,14323,9353,1049,19374,7622,325,56,11535,0,425176,3279,13,0
Usumacinta,PUENTE NACIONAL,2021,ENERO,75262,8134,2576,901,0,4553,4511,497,12577,2288,322,41,10078,0,121740,1220,0,0
Cadereyta,PUENTE NACIONAL,2021,ENERO,110508,1913,150,23,1,6106,5695,828,13945,5492,331,314,6283,0,151589,676,23,0
La Piedad,PUENTE NACIONAL,2021,ENERO,55272,1004,3660,1249,0,9372,12199,946,27427,3272,43,22,1530,0,115996,500,1,0
Tecolutla,PUENTE NACIONAL,2021,ENERO,97378,8970,4012,1073,0,7144,5899,367,9797,2466,36,28,4921,0,142091,634,17,0
San Juan,PUENTE NACIONAL,2021,ENERO,50812,102,454,2,0,2798,1462,172,4460,778,22,28,5616,0,66706,1101,857,0
Tampico,PUENTE NACIONAL,2021,ENERO,234057,1917,7129,1852,0,7129,3220,280,1649,840,26,22,985,0,259106,856,24,0
Tlacotalpan,PUENTE NACIONAL,2021,ENERO,34333,3672,964,11,0,1053,1019,49,422,122,0,0,40,0,41685,506,0,0
Dovalí Jaime,PUENTE NACIONAL,2021,ENERO,190487,4355,4823,2403,0,20070,24705,2931,69433,12379,937,444,38128,0,371095,1533,30,0
Dovalí Jaime Bis,PUENTE NACIONAL,2021,ENERO,14513,1268,11,0,0,531,118,13,18,3,0,0,0,0,16475,55,0,0
Refineria Lazaro Cárdenas,PUENTE NACIONAL,2021,ENERO,2181,38,4,1,0,162,205,10,64,46,2,2,88,0,2803,8,0,0
Matamoros,PÚENTE INTERNACIONAL,2021,ENERO,68332,198,0,0,0,61,1,5,0,0,0,0,0,0,68597,155,0,68232
Camargo,PÚENTE INTERNACIONAL,2021,ENERO,19070,33,0,0,0,52,100,6,1206,27,18,0,1260,0,21772,297,0,2557
Miguel Alemán,PÚENTE INTERNACIONAL,2021,ENERO,36472,9,4,14,0,69,80,59,1856,9,0,0,0,0,38572,297,0,10274
Reynosa,PÚENTE INTERNACIONAL,2021,ENERO,89089,107,124,369,0,68,27,4,1,0,0,0,0,0,89789,394,0,101780
   Línea Express,PÚENTE INTERNACIONAL,2021,ENERO,33149,0,0,0,0,0,0,0,0,0,0,0,0,0,33149,0,0,0
Las Flores,PÚENTE INTERNACIONAL,2021,ENERO,40421,33,0,0,0,69,708,32,1288,420,23,3,1841,0,44838,101,20,76627
Ojinaga,PÚENTE INTERNACIONAL,2021,ENERO,41094,6,3,69,0,736,183,160,535,58,0,46,0,0,42890,1221,0,5235
Rodolfo Robles,PÚENTE INTERNACIONAL,2021,ENERO,4388,21596,64,57,0,14,0,0,0,0,0,0,0,6536,32655,1,0,21929
Piedras Negras,PÚENTE INTERNACIONAL,2021,ENERO,38576,42,0,0,0,134,1,1,0,0,0,0,0,0,38754,130,0,24469
Acuña,PÚENTE INTERNACIONAL,2021,ENERO,92141,172,1,0,0,1577,764,163,3773,42,30,0,0,0,98663,918,0,6346
Laredo,PÚENTE INTERNACIONAL,2021,ENERO,406,0,0,0,0,0,0,0,0,0,0,0,0,0,406,0,0,128488
   Línea Express,PÚENTE INTERNACIONAL,2021,ENERO,34036,0,0,0,0,0,0,0,0,0,0,0,0,0,34036,0,0,0
Juárez-Lincoln,PÚENTE INTERNACIONAL,2021,ENERO,149820,748,24,1830,0,323,24,64,2,0,0,0,5,0,152840,2166,0,0
Suchiate II,PÚENTE INTERNACIONAL,2021,ENERO,434,1,87,0,0,686,671,64,7539,1319,24,2,107,0,10934,4,0,0
Chapalilla - Compostela ,CAMINO,2021,FEBRERO,116054,1962,4589,1122,0,5110,4739,438,5662,1997,34,2,563,0,142272,680,0,0
Cuauhtemoc-Osiris ,CAMINO,2021,FEBRERO,113489,643,2467,3714,0,12683,9052,2471,48877,9273,1612,133,23730,0,228144,1976,2,0
Culiacán,PUENTE NACIONAL,2021,FEBRERO,200484,2622,5340,464,0,7282,3991,548,7293,1521,5,4,562,0,230116,2009,0,0
Sinaloa,PUENTE NACIONAL,2021,FEBRERO,202033,1437,9224,2717,0,13488,12823,2506,60321,7215,835,64,21731,0,334394,3430,5,0
Pánuco,PUENTE NACIONAL,2021,FEBRERO,107740,5284,7076,60,0,4969,3738,316,2688,1127,46,30,2018,0,135092,984,162,0
Alvarado,PUENTE NACIONAL,2021,FEBRERO,93175,7449,5379,286,0,4800,4298,144,2392,1144,2,1,154,0,119224,755,0,0
Papaloapan,PUENTE NACIONAL,2021,FEBRERO,35774,7500,2220,78,0,4027,4498,98,2915,610,5,3,606,0,58334,6507,441,0
Caracol,PUENTE NACIONAL,2021,FEBRERO,121321,14558,8181,132,0,7303,4763,280,4776,982,92,114,9567,0,172069,2209,407,0
Nautla,PUENTE NACIONAL,2021,FEBRERO,92393,2742,2792,920,0,6887,7882,638,12171,3574,217,23,7312,0,137551,1031,102,0
Grijalva,PUENTE NACIONAL,2021,FEBRERO,309337,11903,8012,970,0,13786,9289,1126,19352,7230,291,35,11305,0,392636,2800,41,0
Usumacinta,PUENTE NACIONAL,2021,FEBRERO,66568,7644,1782,619,0,4499,4932,582,12360,2493,279,41,9555,0,111354,1216,0,0
Cadereyta,PUENTE NACIONAL,2021,FEBRERO,99706,1675,150,12,0,5740,5883,746,11713,4439,349,304,6333,0,137050,646,19,0
La Piedad,PUENTE NACIONAL,2021,FEBRERO,45866,897,2846,1142,0,9297,11712,982,24066,3013,45,12,1117,0,100995,434,0,0
Tecolutla,PUENTE NACIONAL,2021,FEBRERO,87313,8505,3015,702,1,6283,5623,435,9945,2566,85,22,4766,0,129261,515,68,0
San Juan,PUENTE NACIONAL,2021,FEBRERO,47269,93,424,1,0,2630,1470,182,4094,761,12,35,5584,0,62555,1032,809,0
Tampico,PUENTE NACIONAL,2021,FEBRERO,196300,1497,5165,1255,0,6514,2582,195,1186,538,16,23,782,0,216053,734,0,0
Tlacotalpan,PUENTE NACIONAL,2021,FEBRERO,29790,3460,867,3,0,999,1533,33,518,106,1,0,15,0,37325,466,0,0
Dovalí Jaime,PUENTE NACIONAL,2021,FEBRERO,157145,4007,3776,2132,0,19350,24953,3295,71735,12852,910,409,38164,0,338728,1556,77,0
Dovalí Jaime Bis,PUENTE NACIONAL,2021,FEBRERO,14060,1171,3,2,0,477,86,0,4,5,3,0,1,0,15812,42,0,0
Refineria Lazaro Cárdenas,PUENTE NACIONAL,2021,FEBRERO,1434,36,5,0,0,91,120,3,87,29,2,0,60,0,1867,4,0,0
Matamoros,PÚENTE INTERNACIONAL,2021,FEBRERO,62410,161,0,0,0,40,1,0,0,0,0,0,0,0,62612,97,0,60028
Camargo,PÚENTE INTERNACIONAL,2021,FEBRERO,17599,25,0,0,0,78,106,8,1159,21,21,0,1347,0,20364,319,0,2161
Miguel Alemán,PÚENTE INTERNACIONAL,2021,FEBRERO,33199,8,3,14,0,65,86,32,1433,8,0,0,0,0,34848,170,0,8664
Reynosa,PÚENTE INTERNACIONAL,2021,FEBRERO,75213,67,115,270,0,33,11,0,0,0,0,0,0,0,75709,188,0,87561
   Línea Express,PÚENTE INTERNACIONAL,2021,FEBRERO,31109,0,0,0,0,0,0,0,0,0,0,0,0,0,31109,0,0,0
Las Flores,PÚENTE INTERNACIONAL,2021,FEBRERO,36961,21,0,0,0,93,638,21,1258,244,18,8,1799,0,41061,77,124,63074
Ojinaga,PÚENTE INTERNACIONAL,2021,FEBRERO,33058,79,6,49,0,622,151,140,650,17,0,5,36,0,34813,623,0,4195
Rodolfo Robles,PÚENTE INTERNACIONAL,2021,FEBRERO,4413,21837,87,97,0,8,0,0,0,0,0,0,0,6153,32595,1,0,20984
Piedras Negras,PÚENTE INTERNACIONAL,2021,FEBRERO,28340,33,0,0,0,100,1,1,0,0,0,0,0,0,28475,128,0,18394
Acuña,PÚENTE INTERNACIONAL,2021,FEBRERO,78511,134,0,0,0,1293,778,121,3092,27,18,0,1,0,83975,577,0,4112
Laredo,PÚENTE INTERNACIONAL,2021,FEBRERO,0,0,0,0,0,0,0,0,0,0,0,0,0,0,0,0,0,104265
   Línea Express,PÚENTE INTERNACIONAL,2021,FEBRERO,29976,0,0,0,0,0,0,0,0,0,0,0,0,0,29976,0,0,0
Juárez-Lincoln,PÚENTE INTERNACIONAL,2021,FEBRERO,131820,633,25,1144,0,248,16,54,5,0,0,0,0,0,133945,990,0,0
Suchiate II,PÚENTE INTERNACIONAL,2021,FEBRERO,660,0,87,1,0,628,712,50,8224,1343,22,0,102,0,11829,20,0,0
Chapalilla - Compostela ,CAMINO,2021,MARZO,173708,2532,6922,1757,0,6553,5203,508,6835,2541,31,5,544,0,207139,813,0,0
Cuauhtemoc-Osiris ,CAMINO,2021,MARZO,136947,880,2937,4430,0,14241,9887,3003,55573,10766,2194,136,26123,0,267117,2429,0,0
Culiacán,PUENTE NACIONAL,2021,MARZO,231343,2970,5944,457,0,8730,4640,588,7978,1976,5,12,717,0,265360,2840,0,0
Sinaloa,PUENTE NACIONAL,2021,MARZO,255071,1836,10177,3150,0,16132,15313,3047,68122,8038,900,71,23548,0,405405,4548,2,0
Pánuco,PUENTE NACIONAL,2021,MARZO,129567,6373,7938,104,0,5732,4361,335,3169,1457,68,24,2317,0,161445,1307,148,0
Alvarado,PUENTE NACIONAL,2021,MARZO,115257,9254,6396,401,0,5365,5173,138,2906,1335,8,1,391,0,146625,932,0,0
Papaloapan,PUENTE NACIONAL,2021,MARZO,42223,8421,2466,92,0,4791,5403,158,3645,1019,8,3,641,0,68870,6159,439,0
Caracol,PUENTE NACIONAL,2021,MARZO,142518,16771,9503,213,2,8298,6135,352,5605,1150,81,102,11858,0,202588,2554,409,0
Nautla,PUENTE NACIONAL,2021,MARZO,121126,3871,3501,1144,0,8279,8936,622,13892,3522,166,32,7651,0,172742,1411,43,0
Grijalva,PUENTE NACIONAL,2021,MARZO,366458,13878,9267,1280,0,16297,10572,1323,21755,8183,522,52,12825,0,462412,2927,79,0
Usumacinta,PUENTE NACIONAL,2021,MARZO,84818,9930,2344,792,0,5229,5536,656,13418,2779,529,52,11288,0,137371,1514,0,0
Cadereyta,PUENTE NACIONAL,2021,MARZO,109093,2281,194,49,0,6965,7319,531,12643,3730,359,366,6692,0,150222,833,29,0
La Piedad,PUENTE NACIONAL,2021,MARZO,94823,2438,3137,1262,0,11885,14813,1078,23389,3256,62,11,973,0,157127,562,0,0
Tecolutla,PUENTE NACIONAL,2021,MARZO,119357,10994,3803,1023,0,7119,6734,432,11532,2535,46,21,5078,0,168674,791,32,0
San Juan,PUENTE NACIONAL,2021,MARZO,59239,120,469,5,0,3404,2052,247,5251,1026,32,29,7508,0,79382,1432,1270,0
Tampico,PUENTE NACIONAL,2021,MARZO,245898,2026,6190,1501,0,7131,3091,284,1551,676,20,20,1166,0,269554,1002,0,0
Tlacotalpan,PUENTE NACIONAL,2021,MARZO,36588,4460,1030,9,0,1106,1453,38,525,123,0,0,14,0,45346,602,0,0
Dovalí Jaime,PUENTE NACIONAL,2021,MARZO,189503,4762,4992,2748,0,21736,27802,3827,78651,14735,1242,435,41102,0,391535,1671,58,0
Dovalí Jaime Bis,PUENTE NACIONAL,2021,MARZO,16141,1262,3,0,0,600,127,4,20,5,0,0,2,0,18164,24,0,0
Refineria Lazaro Cárdenas,PUENTE NACIONAL,2021,MARZO,1903,28,7,1,0,126,173,13,80,38,0,1,86,0,2456,6,0,0
Matamoros,PÚENTE INTERNACIONAL,2021,MARZO,73687,264,0,0,0,42,2,1,0,0,0,0,0,0,73996,121,0,83336
Camargo,PÚENTE INTERNACIONAL,2021,MARZO,21000,46,0,0,0,81,169,9,1476,57,16,0,1766,0,24620,489,0,3196
Miguel Alemán,PÚENTE INTERNACIONAL,2021,MARZO,39915,12,7,21,2,106,100,54,1781,14,0,0,0,0,42012,252,0,12342
Reynosa,PÚENTE INTERNACIONAL,2021,MARZO,88464,136,143,424,0,50,10,5,0,0,0,0,0,0,89232,252,0,110826
   Línea Express,PÚENTE INTERNACIONAL,2021,MARZO,33149,0,0,0,0,0,0,0,0,0,0,0,0,0,33149,0,0,0
Las Flores,PÚENTE INTERNACIONAL,2021,MARZO,49850,39,0,0,0,71,742,45,1302,374,21,7,2811,0,55262,143,162,104233
Ojinaga,PÚENTE INTERNACIONAL,2021,MARZO,39962,59,8,68,0,775,141,197,658,44,19,38,0,0,41969,1191,0,8052
Rodolfo Robles,PÚENTE INTERNACIONAL,2021,MARZO,5199,21378,99,179,0,14,0,0,0,0,0,0,0,7150,34019,1,1,23921
Piedras Negras,PÚENTE INTERNACIONAL,2021,MARZO,41028,66,0,0,0,95,2,1,0,0,0,0,0,0,41192,128,0,30024
Acuña,PÚENTE INTERNACIONAL,2021,MARZO,108750,315,0,1,0,1753,876,200,4587,35,36,0,0,0,116553,933,0,6624
Laredo,PÚENTE INTERNACIONAL,2021,MARZO,0,0,0,0,0,0,0,0,0,0,0,0,0,0,0,0,0,144392
   Línea Express,PÚENTE INTERNACIONAL,2021,MARZO,43166,0,0,0,0,0,0,0,0,0,0,0,0,0,43166,0,0,0
Juárez-Lincoln,PÚENTE INTERNACIONAL,2021,MARZO,166534,1012,19,1826,0,332,17,52,0,0,2,0,2,0,169796,1038,1,0
Suchiate II,PÚENTE INTERNACIONAL,2021,MARZO,885,1,99,2,0,898,883,67,9389,1459,24,4,97,0,13808,15,0,0
Chapalilla - Compostela ,CAMINO,2021,ABRIL,180771,2388,7847,2135,0,5931,4913,489,6471,2427,25,4,692,0,214093,715,0,0
Cuauhtemoc-Osiris ,CAMINO,2021,ABRIL,138879,947,3248,4788,0,13230,9605,2880,52273,9555,1781,123,24667,0,261976,2074,0,0
Culiacán,PUENTE NACIONAL,2021,ABRIL,235409,2740,5667,488,0,8262,4107,470,7024,1591,2,1,532,0,266293,2369,0,0
Sinaloa,PUENTE NACIONAL,2021,ABRIL,254569,1810,9997,3484,0,14701,14435,2697,63304,6465,867,115,20851,0,393295,3916,0,0
Pánuco,PUENTE NACIONAL,2021,ABRIL,129437,6173,7932,124,0,5445,4555,381,3014,1391,86,57,1921,0,160516,936,98,0
Alvarado,PUENTE NACIONAL,2021,ABRIL,124926,8653,6726,414,0,5217,5232,169,2631,1482,8,0,581,0,156039,776,1,0
Papaloapan,PUENTE NACIONAL,2021,ABRIL,42137,8295,2520,128,0,4933,5773,164,3409,828,5,3,758,0,68953,3077,521,0
Caracol,PUENTE NACIONAL,2021,ABRIL,138970,15874,9973,241,0,8092,5738,318,5896,1264,70,155,11122,0,197713,1289,407,0
Nautla,PUENTE NACIONAL,2021,ABRIL,122350,3419,3669,1266,0,8013,7770,717,13954,3538,185,37,7841,0,172759,1232,10,0
Grijalva,PUENTE NACIONAL,2021,ABRIL,350917,13667,9467,1599,0,14766,9193,1258,19596,7866,312,43,12791,0,441475,2499,48,0
Usumacinta,PUENTE NACIONAL,2021,ABRIL,85425,9173,2589,895,0,5041,6151,597,12869,2791,324,62,10593,0,136510,1212,8,0
Cadereyta,PUENTE NACIONAL,2021,ABRIL,117639,2114,179,45,0,6441,6500,584,11772,3076,225,288,5682,0,154545,673,0,0
La Piedad,PUENTE NACIONAL,2021,ABRIL,110420,1976,3185,1219,0,11367,13971,940,20084,2693,33,12,811,0,166711,595,0,0
Tecolutla,PUENTE NACIONAL,2021,ABRIL,117680,9468,4053,1086,0,6555,5489,492,11368,2465,59,13,5231,0,163959,708,7,0
San Juan,PUENTE NACIONAL,2021,ABRIL,61082,116,464,1,0,3213,1799,247,4644,993,38,26,6872,0,79495,1291,1302,0
Tampico,PUENTE NACIONAL,2021,ABRIL,258581,2164,6658,1776,1,6943,2989,193,1171,375,36,19,896,0,281802,990,0,0
Tlacotalpan,PUENTE NACIONAL,2021,ABRIL,37981,4327,1017,16,0,1083,982,34,496,64,0,0,11,0,46011,376,0,0
Dovalí Jaime,PUENTE NACIONAL,2021,ABRIL,193867,4526,5213,2949,0,19667,24962,3493,73709,14207,919,385,40500,0,384397,1492,15,0
Dovalí Jaime Bis,PUENTE NACIONAL,2021,ABRIL,17841,1179,18,4,0,624,176,19,68,47,3,1,24,0,20004,15,2,0
Refineria Lazaro Cárdenas,PUENTE NACIONAL,2021,ABRIL,2137,36,66,1,0,177,171,17,101,34,5,3,66,0,2814,13,1,0
Matamoros,PÚENTE INTERNACIONAL,2021,ABRIL,78973,239,0,0,0,33,0,5,0,0,0,0,0,0,79250,108,0,89226
Camargo,PÚENTE INTERNACIONAL,2021,ABRIL,20768,27,0,0,0,83,131,9,1376,28,28,0,1609,0,24059,412,0,2751
Miguel Alemán,PÚENTE INTERNACIONAL,2021,ABRIL,38931,5,5,19,0,72,89,60,1636,12,0,0,0,0,40829,214,0,12483
Reynosa,PÚENTE INTERNACIONAL,2021,ABRIL,86256,132,205,450,0,54,18,4,1,0,0,0,0,0,87120,263,0,110419
   Línea Express,PÚENTE INTERNACIONAL,2021,ABRIL,42589,0,0,0,0,0,0,0,0,0,0,0,0,0,42589,0,0,0
Las Flores,PÚENTE INTERNACIONAL,2021,ABRIL,44855,35,0,0,0,74,755,27,1207,258,23,6,2059,0,49299,122,157,89307
Ojinaga,PÚENTE INTERNACIONAL,2021,ABRIL,40540,39,6,66,0,726,125,160,561,16,62,29,0,0,42330,1090,0,5477
Rodolfo Robles,PÚENTE INTERNACIONAL,2021,ABRIL,4326,18882,64,112,0,16,0,0,0,0,0,0,0,6651,30051,0,0,22359
Piedras Negras,PÚENTE INTERNACIONAL,2021,ABRIL,44878,33,0,0,0,89,1,3,0,0,0,0,0,0,45004,128,0,28414
Acuña,PÚENTE INTERNACIONAL,2021,ABRIL,106233,318,0,0,0,1570,802,163,3783,32,32,0,0,0,112933,884,0,6213
Laredo,PÚENTE INTERNACIONAL,2021,ABRIL,0,0,0,0,0,0,0,0,0,0,0,0,0,0,0,0,0,137268
   Línea Express,PÚENTE INTERNACIONAL,2021,ABRIL,42779,0,0,0,0,0,0,0,0,0,0,0,0,0,42779,0,0,0
Juárez-Lincoln,PÚENTE INTERNACIONAL,2021,ABRIL,162955,943,21,1808,0,233,20,45,0,0,0,0,0,0,166025,1008,0,0
Suchiate II,PÚENTE INTERNACIONAL,2021,ABRIL,881,0,47,4,0,885,663,98,9063,1423,14,2,84,0,13164,19,0,0
Chapalilla - Compostela ,CAMINO,2021,MAYO,182186,2491,9804,3189,0,6158,5163,530,7139,2783,35,7,801,0,220286,662,0,0
Cuauhtemoc-Osiris ,CAMINO,2021,MAYO,139678,844,3592,5224,0,13689,10429,3078,53648,10518,1734,162,25438,0,268034,2376,0,0
Culiacán,PUENTE NACIONAL,2021,MAYO,242616,2442,6115,588,0,8716,4468,484,6529,1734,1,11,501,0,274205,2527,0,0
Sinaloa,PUENTE NACIONAL,2021,MAYO,261277,1674,10410,3818,0,15050,13699,2614,61284,6842,897,64,18235,0,395864,3899,3,0
Pánuco,PUENTE NACIONAL,2021,MAYO,134522,6656,8232,128,0,5567,4501,327,2784,1215,84,43,1440,0,165499,1151,92,0
Alvarado,PUENTE NACIONAL,2021,MAYO,123558,9580,7373,411,0,5476,4774,179,2692,1355,7,6,460,0,155871,942,0,0
Papaloapan,PUENTE NACIONAL,2021,MAYO,43666,8872,2692,130,0,5620,4715,189,2804,440,9,7,806,0,69950,1061,60,0
Caracol,PUENTE NACIONAL,2021,MAYO,146895,17825,10489,248,0,8201,5040,340,5335,931,84,144,10941,0,206473,900,407,0
Nautla,PUENTE NACIONAL,2021,MAYO,123792,3902,3854,1435,0,8050,6888,700,14050,3606,221,33,8327,0,174858,1416,26,0
Grijalva,PUENTE NACIONAL,2021,MAYO,362261,14546,9989,1656,0,15355,9398,1303,21044,8213,426,57,13318,0,457566,2499,61,0
Usumacinta,PUENTE NACIONAL,2021,MAYO,85579,9397,2747,931,0,5198,7115,670,13829,3152,401,48,10127,0,139194,1388,0,0
Cadereyta,PUENTE NACIONAL,2021,MAYO,125155,2385,150,34,0,6756,6338,805,12586,3766,274,343,5380,0,163972,994,44,0
La Piedad,PUENTE NACIONAL,2021,MAYO,46567,936,819,270,0,4291,3964,163,3591,445,25,3,191,0,61265,294,0,0
Tecolutla,PUENTE NACIONAL,2021,MAYO,118934,10429,4332,1363,0,6703,5234,512,11439,2567,86,27,5400,0,167026,722,11,0
San Juan,PUENTE NACIONAL,2021,MAYO,64929,112,538,1,0,3146,1595,213,4901,902,44,28,7432,0,83841,1371,12,0
Tampico,PUENTE NACIONAL,2021,MAYO,258864,2137,6838,1806,0,7162,3309,313,1533,442,32,16,673,0,283125,1011,0,0
Tlacotalpan,PUENTE NACIONAL,2021,MAYO,38024,4523,1085,30,0,1180,861,20,277,62,0,0,13,0,46075,450,0,0
Dovalí Jaime,PUENTE NACIONAL,2021,MAYO,193606,4981,5582,3094,0,20585,24969,3580,76631,14209,1045,404,42466,0,391152,1855,80,0
Dovalí Jaime Bis,PUENTE NACIONAL,2021,MAYO,19390,1277,32,0,0,742,130,18,140,74,0,0,0,0,21803,24,0,0
Refineria Lazaro Cárdenas,PUENTE NACIONAL,2021,MAYO,2976,45,109,0,0,238,135,6,107,40,1,1,85,0,3743,11,0,0
Matamoros,PÚENTE INTERNACIONAL,2021,MAYO,83372,262,0,2,0,45,1,2,0,0,0,0,0,0,83684,110,0,92759
Camargo,PÚENTE INTERNACIONAL,2021,MAYO,23763,34,0,0,0,75,146,10,1435,44,19,0,1934,0,27460,379,0,2708
Miguel Alemán,PÚENTE INTERNACIONAL,2021,MAYO,42737,1,6,24,0,83,101,69,1836,9,1,0,0,0,44867,216,0,12788
Reynosa,PÚENTE INTERNACIONAL,2021,MAYO,95175,125,237,427,0,72,10,6,0,0,4,0,1,0,96057,275,0,119128
   Línea Express,PÚENTE INTERNACIONAL,2021,MAYO,45417,0,0,0,0,0,0,0,0,0,0,0,0,0,45417,0,0,0
Las Flores,PÚENTE INTERNACIONAL,2021,MAYO,44311,47,0,0,0,59,572,48,1262,216,28,6,1276,0,47825,134,106,87653
Ojinaga,PÚENTE INTERNACIONAL,2021,MAYO,44362,42,14,62,0,807,110,203,448,9,40,29,13,0,46139,1115,0,4045
Rodolfo Robles,PÚENTE INTERNACIONAL,2021,MAYO,5301,21667,65,134,0,12,0,0,0,0,0,0,0,7760,34939,0,0,26432
Piedras Negras,PÚENTE INTERNACIONAL,2021,MAYO,45522,24,0,0,0,89,0,6,0,0,0,0,0,0,45641,106,0,32066
Acuña,PÚENTE INTERNACIONAL,2021,MAYO,113671,350,0,0,0,1713,758,171,3681,34,22,0,8,0,120408,933,0,6715
Laredo,PÚENTE INTERNACIONAL,2021,MAYO,0,0,0,0,0,0,0,0,0,0,0,0,0,0,0,0,0,137506
   Línea Express,PÚENTE INTERNACIONAL,2021,MAYO,51342,0,0,0,0,0,0,0,0,0,0,0,0,0,51342,0,0,0
Juárez-Lincoln,PÚENTE INTERNACIONAL,2021,MAYO,168187,908,22,1937,0,208,21,42,1,0,1,0,1,0,171328,930,0,0
Suchiate II,PÚENTE INTERNACIONAL,2021,MAYO,810,1,77,3,0,1029,721,79,8943,1411,19,5,78,0,13176,35,0,0
Chapalilla - Compostela ,CAMINO,2021,JUNIO,158586,1764,9447,3196,0,6314,5218,494,6929,2535,17,5,801,0,195306,667,0,0
Cuauhtemoc-Osiris ,CAMINO,2021,JUNIO,139278,719,3660,5215,0,13998,11790,2973,54293,10561,1612,132,23681,0,267912,2481,1,0
Culiacán,PUENTE NACIONAL,2021,JUNIO,224959,2392,5910,566,0,8734,4764,573,5964,1750,5,2,603,0,256222,2580,0,0
Sinaloa,PUENTE NACIONAL,2021,JUNIO,235288,1479,10000,3749,0,15282,14464,2697,58935,7195,988,73,16771,0,366921,3383,2,0
Pánuco,PUENTE NACIONAL,2021,JUNIO,121396,6268,8291,117,0,5287,3101,346,2315,1229,42,16,915,0,149323,881,5,0
Alvarado,PUENTE NACIONAL,2021,JUNIO,107013,8279,6495,312,0,5122,3780,153,2530,1150,19,4,270,0,135127,769,2,0
Papaloapan,PUENTE NACIONAL,2021,JUNIO,39211,8044,2548,112,0,4929,3570,128,2315,314,5,6,565,0,61747,482,0,0
Caracol,PUENTE NACIONAL,2021,JUNIO,135655,16599,10058,234,0,7899,4754,376,4630,826,54,84,10314,0,191483,463,407,0
Nautla,PUENTE NACIONAL,2021,JUNIO,111460,3421,3820,1348,0,7875,7853,694,13310,3869,267,40,8001,0,161958,1327,35,0
Grijalva,PUENTE NACIONAL,2021,JUNIO,340772,13628,9819,1473,0,15909,9538,1299,20604,8894,367,61,12417,0,434781,2095,48,0
Usumacinta,PUENTE NACIONAL,2021,JUNIO,79529,9051,2722,743,0,5259,8235,723,13236,3178,403,34,9864,0,132977,1162,17,0
Cadereyta,PUENTE NACIONAL,2021,JUNIO,119944,2676,211,23,0,6505,6148,899,13702,4934,311,317,5619,0,161289,770,19,0
La Piedad,PUENTE NACIONAL,2021,JUNIO,24699,638,85,21,0,2011,1033,48,377,103,5,1,27,0,29048,130,0,0
Tecolutla,PUENTE NACIONAL,2021,JUNIO,103472,10293,4058,1236,0,6652,4788,495,10425,2722,75,20,4972,0,149208,706,17,0
San Juan,PUENTE NACIONAL,2021,JUNIO,58282,105,517,1,0,3406,1678,221,5017,1000,57,51,7258,0,77593,1341,659,0
Tampico,PUENTE NACIONAL,2021,JUNIO,231007,2129,6829,1641,0,7018,3378,236,1136,329,32,28,842,0,254605,895,3,0
Tlacotalpan,PUENTE NACIONAL,2021,JUNIO,33656,4241,1028,12,0,1136,572,31,167,49,1,0,15,0,40908,397,0,0
Dovalí Jaime,PUENTE NACIONAL,2021,JUNIO,179257,4310,5443,3003,0,19719,23839,3533,75626,13149,980,463,39347,0,368669,1457,67,0
Dovalí Jaime Bis,PUENTE NACIONAL,2021,JUNIO,16810,1214,25,0,0,622,108,14,59,17,0,0,0,0,18869,14,0,0
Refineria Lazaro Cárdenas,PUENTE NACIONAL,2021,JUNIO,2480,37,76,3,0,164,169,10,122,41,1,1,87,0,3191,35,0,0
Matamoros,PÚENTE INTERNACIONAL,2021,JUNIO,92759,196,0,0,0,71,0,1,0,0,0,0,0,0,93027,147,0,72482
Camargo,PÚENTE INTERNACIONAL,2021,JUNIO,22159,37,0,0,0,75,139,7,1451,30,8,0,1588,0,25494,315,0,2101
Miguel Alemán,PÚENTE INTERNACIONAL,2021,JUNIO,40560,4,6,23,0,107,85,57,1899,11,1,0,0,0,42753,250,0,11679
Reynosa,PÚENTE INTERNACIONAL,2021,JUNIO,89512,145,250,448,0,43,8,2,1,0,0,0,0,0,90409,316,0,100043
   Línea Express,PÚENTE INTERNACIONAL,2021,JUNIO,42859,0,0,0,0,0,0,0,0,0,0,0,0,0,42859,0,0,0
Las Flores,PÚENTE INTERNACIONAL,2021,JUNIO,42521,34,0,0,0,75,888,40,817,272,22,5,1214,0,45888,132,69,76905
Ojinaga,PÚENTE INTERNACIONAL,2021,JUNIO,44291,32,9,68,0,784,131,169,543,38,1,32,27,0,46125,1051,0,4633
Rodolfo Robles,PÚENTE INTERNACIONAL,2021,JUNIO,5793,22401,41,90,0,11,1,0,0,0,0,0,0,7445,35782,1,0,28190
Piedras Negras,PÚENTE INTERNACIONAL,2021,JUNIO,41802,37,0,0,0,95,1,0,0,0,0,0,0,0,41935,82,0,24853
Acuña,PÚENTE INTERNACIONAL,2021,JUNIO,110535,336,0,0,0,1749,826,151,3940,35,42,0,0,0,117614,913,0,6380
Laredo,PÚENTE INTERNACIONAL,2021,JUNIO,0,0,0,0,0,0,0,0,0,0,0,0,0,0,0,0,0,128732
   Línea Express,PÚENTE INTERNACIONAL,2021,JUNIO,52683,0,0,0,0,0,0,0,0,0,0,0,0,0,52683,0,0,0
Juárez-Lincoln,PÚENTE INTERNACIONAL,2021,JUNIO,161859,1004,30,2077,0,215,18,54,1,0,1,0,0,0,165259,881,0,0
Suchiate II,PÚENTE INTERNACIONAL,2021,JUNIO,796,0,92,3,0,962,765,64,9228,1540,15,1,90,0,13556,6,137,0
Chapalilla - Compostela ,CAMINO,2021,JULIO,185616,4804,9822,3236,0,6376,5783,497,6864,2397,32,5,800,0,226232,861,0,0
Cuauhtemoc-Osiris ,CAMINO,2021,JULIO,162758,685,4457,6324,0,14226,14440,3205,55235,10450,1606,105,25118,0,298609,2497,0,0
Culiacán,PUENTE NACIONAL,2021,JULIO,223494,3290,5759,500,0,8509,4110,451,5887,1650,4,1,595,0,254250,2788,0,0
Sinaloa,PUENTE NACIONAL,2021,JULIO,245298,1620,10336,4166,0,15979,13882,2611,57679,7092,997,98,16343,0,376101,4060,2,0
Pánuco,PUENTE NACIONAL,2021,JULIO,130352,6729,8863,153,0,5708,3319,273,2321,1344,41,14,970,0,160087,938,4,0
Alvarado,PUENTE NACIONAL,2021,JULIO,119692,9310,7035,450,0,5465,4039,206,2850,1311,20,1,360,0,150739,815,0,0
Papaloapan,PUENTE NACIONAL,2021,JULIO,41597,8770,2636,115,0,4165,3041,129,2196,211,6,3,736,0,63605,532,0,0
Caracol,PUENTE NACIONAL,2021,JULIO,142121,17667,10074,214,1,7899,5048,308,4366,617,60,71,10286,0,198732,515,407,0
Nautla,PUENTE NACIONAL,2021,JULIO,129010,4108,4194,1505,0,7902,7941,777,13862,3961,183,35,8313,0,181791,1400,17,0
Grijalva,PUENTE NACIONAL,2021,JULIO,360968,14534,10461,1696,0,16512,9744,1285,21433,9034,347,82,12398,0,458494,2301,53,0
Usumacinta,PUENTE NACIONAL,2021,JULIO,90470,9763,3287,980,0,5634,8205,795,13833,3214,398,50,9786,0,146415,1236,31,0
Cadereyta,PUENTE NACIONAL,2021,JULIO,121004,2755,211,32,0,6322,6740,1255,14234,5550,498,292,6650,0,165543,699,23,0
La Piedad,PUENTE NACIONAL,2021,JULIO,27495,846,98,24,0,1960,971,27,362,70,8,1,35,0,31897,171,0,0
Tecolutla,PUENTE NACIONAL,2021,JULIO,119978,10972,4554,1402,0,6554,5437,613,11194,2936,48,11,5261,0,168960,921,11,0
San Juan,PUENTE NACIONAL,2021,JULIO,56946,106,534,3,0,3413,1866,247,5032,1008,49,59,7287,0,76550,1207,570,0
Tampico,PUENTE NACIONAL,2021,JULIO,256524,2471,7291,1979,0,7159,3422,291,1446,506,55,37,796,0,281977,1023,7,0
Tlacotalpan,PUENTE NACIONAL,2021,JULIO,37868,4726,1111,28,0,1323,864,24,213,34,0,0,7,0,46198,419,0,0
Dovalí Jaime,PUENTE NACIONAL,2021,JULIO,199438,4859,6055,3449,5,20889,25039,3618,79296,13765,960,497,39933,0,397803,1596,63,0
Dovalí Jaime Bis,PUENTE NACIONAL,2021,JULIO,17242,1396,12,0,0,621,117,20,141,63,0,0,0,0,19612,33,0,0
Refineria Lazaro Cárdenas,PUENTE NACIONAL,2021,JULIO,2411,46,77,1,0,187,172,4,165,48,1,1,70,0,3183,13,0,0
Matamoros,PÚENTE INTERNACIONAL,2021,JULIO,84426,188,0,0,0,70,0,2,0,0,0,0,0,0,84686,150,9,60278
Camargo,PÚENTE INTERNACIONAL,2021,JULIO,21296,46,0,0,0,76,136,3,1609,28,8,0,1737,0,24939,308,0,1918
Miguel Alemán,PÚENTE INTERNACIONAL,2021,JULIO,38648,4,8,25,0,96,111,53,1861,17,0,0,0,0,40823,213,0,10766
Reynosa,PÚENTE INTERNACIONAL,2021,JULIO,89411,138,449,821,0,70,18,3,0,1,2,0,0,0,90913,378,0,87990
   Línea Express,PÚENTE INTERNACIONAL,2021,JULIO,42384,0,0,0,0,0,0,0,0,0,0,0,0,0,42384,0,0,0
Las Flores,PÚENTE INTERNACIONAL,2021,JULIO,42438,77,0,0,0,81,1206,50,1367,248,27,7,1334,0,46835,123,35,82008
Ojinaga,PÚENTE INTERNACIONAL,2021,JULIO,45493,35,19,73,0,743,185,181,578,5,0,54,36,0,47402,1379,0,5086
Rodolfo Robles,PÚENTE INTERNACIONAL,2021,JULIO,6873,25501,50,118,0,8,0,0,0,0,0,0,0,8091,40641,3,0,29102
Piedras Negras,PÚENTE INTERNACIONAL,2021,JULIO,56598,64,0,0,0,153,0,2,0,0,0,0,0,0,56817,168,0,18795
Acuña,PÚENTE INTERNACIONAL,2021,JULIO,110498,308,0,0,0,1729,915,105,3813,35,37,0,0,0,117440,894,0,5901
Laredo,PÚENTE INTERNACIONAL,2021,JULIO,0,0,0,0,0,0,0,0,0,0,0,0,0,0,0,0,0,119952
   Línea Express,PÚENTE INTERNACIONAL,2021,JULIO,56554,0,0,0,0,0,0,0,0,0,0,0,0,0,56554,0,0,0
Juárez-Lincoln,PÚENTE INTERNACIONAL,2021,JULIO,160775,1126,30,2474,0,220,19,45,3,0,0,0,0,0,164692,1060,0,0
Suchiate II,PÚENTE INTERNACIONAL,2021,JULIO,706,0,75,1,0,839,841,74,9549,1560,19,1,119,0,13784,22,113,0
Chapalilla - Compostela ,CAMINO,2021,AGOSTO,154653,1945,8286,2553,0,6119,5732,492,6591,2188,36,3,759,0,189357,982,0,0
Cuauhtemoc-Osiris ,CAMINO,2021,AGOSTO,146195,849,4346,5953,1,14350,14841,3012,53921,10580,1493,155,24028,0,279724,2256,0,0
Culiacán,PUENTE NACIONAL,2021,AGOSTO,213738,3641,5822,463,0,7523,3620,408,5846,1503,1,6,455,0,243026,2622,0,0
Sinaloa,PUENTE NACIONAL,2021,AGOSTO,221269,2025,9576,3873,0,15120,12053,2508,56172,6371,971,149,15383,0,345470,3391,0,0
Pánuco,PUENTE NACIONAL,2021,AGOSTO,125409,6319,8292,125,0,5590,2701,245,2291,1395,32,4,961,0,153364,898,0,0
Alvarado,PUENTE NACIONAL,2021,AGOSTO,105207,8725,6414,330,0,5152,3689,168,2669,1190,25,1,467,0,134037,721,1,0
Papaloapan,PUENTE NACIONAL,2021,AGOSTO,38655,8339,2332,91,0,4251,2955,127,2110,306,4,5,687,0,59862,538,0,0
Caracol,PUENTE NACIONAL,2021,AGOSTO,130041,17192,9115,194,0,7628,5010,321,4543,642,40,96,9902,0,184724,506,407,0
Nautla,PUENTE NACIONAL,2021,AGOSTO,115158,3883,3750,1400,1,7775,7025,693,13879,3821,156,32,8362,0,165935,1277,23,0
Grijalva,PUENTE NACIONAL,2021,AGOSTO,347856,14791,10147,1952,17,15692,10088,1232,21298,8262,368,68,12372,0,444143,2261,63,0
Usumacinta,PUENTE NACIONAL,2021,AGOSTO,87535,9862,3043,943,3,5381,7802,679,13732,3143,367,32,9456,0,141978,1271,38,0
Cadereyta,PUENTE NACIONAL,2021,AGOSTO,116317,2952,224,27,0,6010,5766,1549,13719,6416,511,263,6718,0,160472,694,19,0
La Piedad,PUENTE NACIONAL,2021,AGOSTO,32446,1012,999,301,0,3010,2263,175,2189,474,8,5,85,0,42967,193,0,0
Tecolutla,PUENTE NACIONAL,2021,AGOSTO,106927,11533,3919,1205,0,6379,4660,464,10661,2611,46,13,5013,0,153431,710,11,0
San Juan,PUENTE NACIONAL,2021,AGOSTO,60938,91,447,91,0,3362,1851,245,5226,1145,64,53,8244,0,81757,1266,730,0
Tampico,PUENTE NACIONAL,2021,AGOSTO,242364,2438,6955,1866,0,6966,2970,296,1178,396,17,19,791,0,266256,1073,1,0
Tlacotalpan,PUENTE NACIONAL,2021,AGOSTO,32058,4320,967,15,0,1285,770,28,207,39,0,0,15,0,39704,458,0,0
Dovalí Jaime,PUENTE NACIONAL,2021,AGOSTO,187655,4613,5549,3281,8,20764,24530,3715,79248,13772,999,555,39105,0,383794,1730,57,0
Dovalí Jaime Bis,PUENTE NACIONAL,2021,AGOSTO,15023,1376,11,0,0,565,124,9,41,21,2,0,21,0,17193,10,0,0
Refineria Lazaro Cárdenas,PUENTE NACIONAL,2021,AGOSTO,2378,37,90,6,0,203,157,13,100,28,1,0,57,0,3070,11,0,0
Matamoros,PÚENTE INTERNACIONAL,2021,AGOSTO,87967,304,0,0,0,65,0,1,0,0,0,0,0,0,88337,133,0,73850
Camargo,PÚENTE INTERNACIONAL,2021,AGOSTO,23774,43,0,0,0,87,144,3,1664,36,13,0,1991,0,27755,294,0,2433
Miguel Alemán,PÚENTE INTERNACIONAL,2021,AGOSTO,41801,3,6,27,0,94,101,57,2013,12,0,0,0,0,44114,217,0,13981
Reynosa,PÚENTE INTERNACIONAL,2021,AGOSTO,92799,110,264,507,0,66,4,4,0,0,2,0,1,0,93757,330,1,99744
   Línea Express,PÚENTE INTERNACIONAL,2021,AGOSTO,50982,0,0,0,0,0,0,0,0,0,0,0,0,0,50982,0,0,0
Las Flores,PÚENTE INTERNACIONAL,2021,AGOSTO,44040,28,0,0,0,77,1250,84,1067,308,75,32,2133,0,49094,122,223,74766
Ojinaga,PÚENTE INTERNACIONAL,2021,AGOSTO,45611,28,14,67,0,756,141,191,488,47,26,7,42,0,47418,1242,0,4878
Rodolfo Robles,PÚENTE INTERNACIONAL,2021,AGOSTO,5162,24856,44,91,0,7,0,0,0,0,0,0,0,7998,38158,3,0,28124
Piedras Negras,PÚENTE INTERNACIONAL,2021,AGOSTO,60383,44,0,0,0,184,0,1,1,0,0,0,0,0,60613,163,0,19126
Acuña,PÚENTE INTERNACIONAL,2021,AGOSTO,112915,366,0,0,0,1703,908,122,3918,50,34,0,0,0,120016,1011,0,6196
Laredo,PÚENTE INTERNACIONAL,2021,AGOSTO,0,0,0,0,0,0,0,0,0,0,0,0,0,0,0,0,0,126567
   Línea Express,PÚENTE INTERNACIONAL,2021,AGOSTO,66326,0,0,0,0,0,0,0,0,0,0,0,0,0,66326,0,0,0
Juárez-Lincoln,PÚENTE INTERNACIONAL,2021,AGOSTO,167109,1231,22,2280,0,208,14,36,0,0,0,0,0,0,170900,1115,0,0
Suchiate II,PÚENTE INTERNACIONAL,2021,AGOSTO,709,0,71,0,0,927,786,82,9646,1346,19,2,130,0,13718,15,98,0
Chapalilla - Compostela ,CAMINO,2021,SEPTIEMBRE,123925,2206,7907,2438,1,5987,5086,512,6083,2057,35,4,628,0,156869,1244,0,0
Cuauhtemoc-Osiris ,CAMINO,2021,SEPTIEMBRE,126909,1339,3583,5361,0,13583,11509,2767,51402,9978,1303,121,23803,0,251658,1896,0,0
Culiacán,PUENTE NACIONAL,2021,SEPTIEMBRE,220403,3645,5940,518,1,7787,4055,498,6029,1940,0,13,587,0,251416,2644,0,0
Sinaloa,PUENTE NACIONAL,2021,SEPTIEMBRE,221070,2387,9110,3513,12,15091,12218,2817,55832,7247,1142,68,16670,0,347177,3382,2,0
Pánuco,PUENTE NACIONAL,2021,SEPTIEMBRE,121119,6588,7851,114,1,5126,2378,248,2545,1446,25,5,994,0,148440,798,19,0
Alvarado,PUENTE NACIONAL,2021,SEPTIEMBRE,100635,9455,6055,390,5,5070,3682,181,2528,1123,20,1,418,0,129563,723,8,0
Papaloapan,PUENTE NACIONAL,2021,SEPTIEMBRE,38562,8652,2045,111,0,3731,2816,153,1960,365,4,4,706,0,59109,436,0,0
Caracol,PUENTE NACIONAL,2021,SEPTIEMBRE,128882,17655,8247,169,0,7790,5651,454,4272,697,69,115,10132,0,184133,528,408,0
Nautla,PUENTE NACIONAL,2021,SEPTIEMBRE,102751,3759,3880,1436,3,7775,7731,717,13837,3472,217,29,8369,0,153976,1258,21,0
Grijalva,PUENTE NACIONAL,2021,SEPTIEMBRE,329189,14612,9414,1760,7,15427,9634,1239,20074,7577,372,76,11801,0,421182,2272,138,0
Usumacinta,PUENTE NACIONAL,2021,SEPTIEMBRE,79671,8998,2749,802,1,5291,7332,651,13125,2643,338,39,9295,0,130935,1169,133,0
Cadereyta,PUENTE NACIONAL,2021,SEPTIEMBRE,93870,2212,180,18,0,4692,4666,1459,11585,5318,439,297,5873,0,130609,625,30,0
La Piedad,PUENTE NACIONAL,2021,SEPTIEMBRE,39454,1260,1457,443,0,4260,3684,311,4449,799,10,7,129,0,56263,275,0,0
Tecolutla,PUENTE NACIONAL,2021,SEPTIEMBRE,96990,11604,4164,1202,6,6324,4367,462,10429,2462,64,12,5079,0,143165,761,10,0
San Juan,PUENTE NACIONAL,2021,SEPTIEMBRE,53630,120,390,137,0,3236,1775,281,5224,1255,85,41,8300,0,74474,1429,703,0
Tampico,PUENTE NACIONAL,2021,SEPTIEMBRE,217776,2274,6746,1706,0,6839,2937,218,971,267,20,37,701,0,240492,935,0,0
Tlacotalpan,PUENTE NACIONAL,2021,SEPTIEMBRE,30945,4661,895,2,0,1107,805,22,199,34,0,0,25,0,38695,501,0,0
Dovalí Jaime,PUENTE NACIONAL,2021,SEPTIEMBRE,173493,4645,5242,2950,1,20074,23915,3344,75851,13291,1062,368,37726,0,361962,1528,72,0
Dovalí Jaime Bis,PUENTE NACIONAL,2021,SEPTIEMBRE,13420,1112,43,0,0,470,100,2,15,8,0,0,0,0,15170,4,0,0
Refineria Lazaro Cárdenas,PUENTE NACIONAL,2021,SEPTIEMBRE,2162,52,16,6,0,198,126,19,88,53,1,1,37,0,2759,16,0,0
Matamoros,PÚENTE INTERNACIONAL,2021,SEPTIEMBRE,94570,254,1,0,0,58,2,0,0,0,0,0,0,0,94885,118,0,73852
Camargo,PÚENTE INTERNACIONAL,2021,SEPTIEMBRE,22428,32,0,0,0,78,133,3,1617,21,17,0,2064,0,26393,278,0,2510
Miguel Alemán,PÚENTE INTERNACIONAL,2021,SEPTIEMBRE,41702,6,6,29,0,88,105,49,2221,13,1,0,1,0,44221,207,0,17984
Reynosa,PÚENTE INTERNACIONAL,2021,SEPTIEMBRE,96923,102,305,469,0,85,13,3,2,0,0,0,2,0,97904,360,2,99405
   Línea Express,PÚENTE INTERNACIONAL,2021,SEPTIEMBRE,53053,0,0,0,0,0,0,0,0,0,0,0,0,0,53053,0,0,0
Las Flores,PÚENTE INTERNACIONAL,2021,SEPTIEMBRE,44068,24,0,0,0,97,1148,79,822,510,74,29,2192,0,49043,112,178,76679
Ojinaga,PÚENTE INTERNACIONAL,2021,SEPTIEMBRE,42292,55,12,63,0,722,139,165,481,29,30,53,0,0,44041,995,0,5257
Rodolfo Robles,PÚENTE INTERNACIONAL,2021,SEPTIEMBRE,5118,24805,110,203,0,6,0,0,0,0,0,0,0,7980,38222,1,0,28286
Piedras Negras,PÚENTE INTERNACIONAL,2021,SEPTIEMBRE,64297,56,0,0,0,194,0,10,0,0,0,0,0,0,64557,149,0,21332
Acuña,PÚENTE INTERNACIONAL,2021,SEPTIEMBRE,78283,255,0,0,0,1132,578,99,2858,33,25,0,0,0,83263,600,0,5181
Laredo,PÚENTE INTERNACIONAL,2021,SEPTIEMBRE,0,0,0,0,0,0,0,0,0,0,0,0,0,0,0,0,0,125621
   Línea Express,PÚENTE INTERNACIONAL,2021,SEPTIEMBRE,76288,0,0,0,0,0,0,0,0,0,0,0,0,0,76288,0,0,0
Juárez-Lincoln,PÚENTE INTERNACIONAL,2021,SEPTIEMBRE,168993,1128,19,1776,0,207,17,50,1,0,0,0,1,0,172192,1004,0,0
Suchiate II,PÚENTE INTERNACIONAL,2021,SEPTIEMBRE,643,0,100,1,0,746,761,61,9203,1464,15,0,114,0,13108,16,242,0
Chapalilla - Compostela ,CAMINO,2021,OCTUBRE,146486,2764,9882,3193,1,6536,5432,506,6394,2324,35,1,617,0,184171,773,0,0
Cuauhtemoc-Osiris ,CAMINO,2021,OCTUBRE,137214,862,4027,5796,1,13673,11735,3164,57045,11187,1284,132,24919,0,271039,2217,2,0
Culiacán,PUENTE NACIONAL,2021,OCTUBRE,246589,3799,6168,619,18,8255,4016,537,6270,1854,6,1,610,0,278742,2809,0,0
Sinaloa,PUENTE NACIONAL,2021,OCTUBRE,244932,2713,9879,3885,15,15723,13178,3044,61316,7806,1003,77,16968,0,380539,3492,11,0
Pánuco,PUENTE NACIONAL,2021,OCTUBRE,131276,8240,8157,143,23,5201,2372,281,2444,1320,40,7,1011,0,160515,985,27,0
Alvarado,PUENTE NACIONAL,2021,OCTUBRE,110200,8997,6241,340,5,5202,3419,193,2567,1069,13,1,393,0,138640,883,0,0
Papaloapan,PUENTE NACIONAL,2021,OCTUBRE,41527,7936,2343,94,3,4333,2999,124,2099,285,3,4,668,0,62418,421,1,0
Caracol,PUENTE NACIONAL,2021,OCTUBRE,124569,17380,8267,196,0,7342,4802,390,4282,667,49,98,10299,0,178341,545,2,0
Nautla,PUENTE NACIONAL,2021,OCTUBRE,113688,4041,3826,1382,6,7968,8597,854,14525,3582,240,33,8462,0,167204,1315,23,0
Grijalva,PUENTE NACIONAL,2021,OCTUBRE,335262,14655,9405,1704,16,14947,8921,1191,19244,6872,388,70,12493,0,425168,2421,111,0
Usumacinta,PUENTE NACIONAL,2021,OCTUBRE,78476,9188,2964,791,5,5156,6414,613,13531,2866,350,40,9817,0,130211,1037,116,0
Cadereyta,PUENTE NACIONAL,2021,OCTUBRE,122985,2518,210,31,0,5824,5508,1442,13256,5272,398,268,6914,0,164626,850,37,0
La Piedad,PUENTE NACIONAL,2021,OCTUBRE,48707,1520,1800,573,0,5134,4405,349,5828,1024,15,3,152,0,69510,312,0,0
Tecolutla,PUENTE NACIONAL,2021,OCTUBRE,106687,12380,4117,1226,3,6495,4859,529,11376,2488,77,14,5340,0,155591,753,4,0
San Juan,PUENTE NACIONAL,2021,OCTUBRE,57281,99,475,125,0,3105,1776,264,5331,1005,45,40,8746,0,78292,1500,749,0
Tampico,PUENTE NACIONAL,2021,OCTUBRE,236619,2768,6611,1827,4,7182,3260,263,1330,349,26,26,720,0,260985,1068,18,0
Tlacotalpan,PUENTE NACIONAL,2021,OCTUBRE,35295,4538,957,5,0,1173,633,24,174,18,1,0,33,0,42851,568,0,0
Dovalí Jaime,PUENTE NACIONAL,2021,OCTUBRE,183507,4720,5440,2935,6,20498,25537,3573,79857,13624,1137,411,40862,0,382107,2065,19,0
Dovalí Jaime Bis,PUENTE NACIONAL,2021,OCTUBRE,13518,1216,100,0,0,476,50,0,13,9,0,0,1,0,15383,11,0,0
Refineria Lazaro Cárdenas,PUENTE NACIONAL,2021,OCTUBRE,2442,141,19,8,0,237,170,16,106,68,1,3,42,0,3253,17,0,0
Matamoros,PÚENTE INTERNACIONAL,2021,OCTUBRE,93051,247,0,0,0,53,0,2,0,0,0,0,0,0,93353,116,0,78219
Camargo,PÚENTE INTERNACIONAL,2021,OCTUBRE,24220,33,0,0,0,85,127,1,1616,25,9,0,2249,0,28365,305,0,3009
Miguel Alemán,PÚENTE INTERNACIONAL,2021,OCTUBRE,45137,6,6,20,2,83,84,48,2399,11,0,0,0,0,47796,220,0,18608
Reynosa,PÚENTE INTERNACIONAL,2021,OCTUBRE,105563,149,348,467,4,79,6,5,0,0,0,0,1,0,106622,362,1,103970
   Línea Express,PÚENTE INTERNACIONAL,2021,OCTUBRE,55630,0,0,0,0,0,0,0,0,0,0,0,0,0,55630,0,0,0
Las Flores,PÚENTE INTERNACIONAL,2021,OCTUBRE,45400,47,0,0,0,98,842,71,1087,418,57,16,2030,0,50066,111,193,83196
Ojinaga,PÚENTE INTERNACIONAL,2021,OCTUBRE,44307,64,15,64,2,718,95,176,493,50,44,44,0,0,46072,930,0,4859
Rodolfo Robles,PÚENTE INTERNACIONAL,2021,OCTUBRE,5313,26852,71,214,0,8,1,0,0,0,0,0,0,8468,40927,8,0,28602
Piedras Negras,PÚENTE INTERNACIONAL,2021,OCTUBRE,71521,80,0,0,0,227,2,3,2,0,0,0,0,0,71835,195,0,21691
Acuña,PÚENTE INTERNACIONAL,2021,OCTUBRE,111959,371,0,0,0,1502,767,147,3860,35,34,0,0,0,118675,921,0,6330
Laredo,PÚENTE INTERNACIONAL,2021,OCTUBRE,0,0,0,0,0,0,0,0,0,0,0,0,0,0,0,0,0,130794
   Línea Express,PÚENTE INTERNACIONAL,2021,OCTUBRE,93252,0,0,0,0,0,0,0,0,0,0,0,0,0,93252,0,0,0
Juárez-Lincoln,PÚENTE INTERNACIONAL,2021,OCTUBRE,181298,1125,29,1907,0,219,24,37,1,0,0,0,1,0,184641,1091,0,0
Suchiate II,PÚENTE INTERNACIONAL,2021,OCTUBRE,743,0,79,1,0,740,857,57,9151,1711,13,1,106,0,13459,8,91,0
Chapalilla - Compostela ,CAMINO,2021,NOVIEMBRE,150265,2449,9726,3091,0,6970,5508,607,7049,2421,45,2,923,0,189056,827,0,0
Cuauhtemoc-Osiris ,CAMINO,2021,NOVIEMBRE,141853,802,4554,6610,0,13540,11104,3043,54710,10630,1595,122,23898,0,272461,2492,0,0
Culiacán,PUENTE NACIONAL,2021,NOVIEMBRE,244270,3168,6190,653,13,8203,4177,571,6788,1697,4,2,529,0,276265,2596,0,0
Sinaloa,PUENTE NACIONAL,2021,NOVIEMBRE,248563,2431,11367,4216,30,16019,13050,3397,61022,8029,930,65,17727,0,386846,3925,1,0
Pánuco,PUENTE NACIONAL,2021,NOVIEMBRE,131786,6838,8184,118,10,4958,2784,252,2519,1398,39,22,1730,0,160638,875,128,0
Alvarado,PUENTE NACIONAL,2021,NOVIEMBRE,110743,8571,6576,403,8,4952,3866,160,2592,1042,20,0,299,0,139232,610,0,0
Papaloapan,PUENTE NACIONAL,2021,NOVIEMBRE,43518,8611,2477,112,12,4827,3615,108,2431,315,0,1,677,0,66704,1464,81,0
Caracol,PUENTE NACIONAL,2021,NOVIEMBRE,132843,17420,8947,215,0,7331,4692,235,4934,629,67,134,9689,0,187136,631,24,0
Nautla,PUENTE NACIONAL,2021,NOVIEMBRE,111671,3529,3970,1382,6,7760,7215,745,14269,3280,231,38,8100,0,162196,1374,6,0
Grijalva,PUENTE NACIONAL,2021,NOVIEMBRE,350553,15227,9974,1501,25,15453,9887,1243,20166,6969,461,60,12089,0,443608,2368,94,0
Usumacinta,PUENTE NACIONAL,2021,NOVIEMBRE,85870,9923,3240,821,6,5676,6656,692,14293,2911,433,39,9462,0,140022,1270,95,0
Cadereyta,PUENTE NACIONAL,2021,NOVIEMBRE,117808,2159,184,41,0,5944,5009,1691,13812,5878,383,357,5441,0,158707,745,53,0
La Piedad,PUENTE NACIONAL,2021,NOVIEMBRE,55926,1417,2706,906,0,5771,5284,371,6747,1228,20,4,259,0,80639,394,0,0
Tecolutla,PUENTE NACIONAL,2021,NOVIEMBRE,105078,11848,3990,1141,12,6404,5063,515,10894,2340,49,16,4875,0,152225,752,2,0
San Juan,PUENTE NACIONAL,2021,NOVIEMBRE,57186,176,444,114,0,3213,1742,231,5298,899,35,56,8113,0,77507,1379,694,0
Tampico,PUENTE NACIONAL,2021,NOVIEMBRE,230663,2684,6513,1833,0,6919,3570,327,1620,489,17,18,647,0,255300,1149,0,0
Tlacotalpan,PUENTE NACIONAL,2021,NOVIEMBRE,36612,4406,1054,13,0,1218,633,15,173,35,0,0,9,0,44168,444,0,0
Dovalí Jaime,PUENTE NACIONAL,2021,NOVIEMBRE,188847,5093,5723,3148,12,21753,25500,3640,80660,13443,1324,462,41152,0,390757,1694,77,0
Dovalí Jaime Bis,PUENTE NACIONAL,2021,NOVIEMBRE,13250,1287,96,0,0,413,92,3,32,15,0,0,1,0,15189,10,0,0
Refineria Lazaro Cárdenas,PUENTE NACIONAL,2021,NOVIEMBRE,2225,33,49,5,0,166,183,14,89,52,0,3,61,0,2880,19,0,0
Matamoros,PÚENTE INTERNACIONAL,2021,NOVIEMBRE,97134,205,0,0,0,57,2,3,0,0,0,0,0,0,97401,112,0,98322
Camargo,PÚENTE INTERNACIONAL,2021,NOVIEMBRE,26962,35,0,0,0,101,124,0,1669,20,13,0,2089,0,31013,302,0,3225
Miguel Alemán,PÚENTE INTERNACIONAL,2021,NOVIEMBRE,48478,15,6,33,2,109,81,46,2250,8,0,0,0,0,51028,272,0,19337
Reynosa,PÚENTE INTERNACIONAL,2021,NOVIEMBRE,124035,176,706,717,2,89,8,12,0,0,0,0,1,0,125746,385,1,140163
   Línea Express,PÚENTE INTERNACIONAL,2021,NOVIEMBRE,57685,0,0,0,0,0,0,0,0,0,0,0,0,0,57685,0,0,0
Las Flores,PÚENTE INTERNACIONAL,2021,NOVIEMBRE,42271,18,0,0,0,67,732,52,1189,289,32,15,1618,0,46283,118,202,89411
Ojinaga,PÚENTE INTERNACIONAL,2021,NOVIEMBRE,48336,65,15,64,4,820,117,197,626,98,24,29,0,0,50395,1050,0,7980
Rodolfo Robles,PÚENTE INTERNACIONAL,2021,NOVIEMBRE,6685,30774,84,165,0,7,1,0,0,0,0,0,0,8450,46166,2,0,28883
Piedras Negras,PÚENTE INTERNACIONAL,2021,NOVIEMBRE,91596,86,0,0,0,231,3,4,0,0,0,0,0,0,91920,188,0,33984
Acuña,PÚENTE INTERNACIONAL,2021,NOVIEMBRE,116649,380,0,1,0,1543,827,172,3702,36,29,0,0,0,123339,1016,0,8528
Laredo,PÚENTE INTERNACIONAL,2021,NOVIEMBRE,0,0,0,0,0,0,0,0,0,0,0,0,0,0,0,0,0,192780
   Línea Express,PÚENTE INTERNACIONAL,2021,NOVIEMBRE,96592,0,0,0,0,0,0,0,0,0,0,0,0,0,96592,0,0,0
Juárez-Lincoln,PÚENTE INTERNACIONAL,2021,NOVIEMBRE,215093,1210,42,2259,0,233,24,77,3,0,1,0,1,0,218943,1458,0,0
Suchiate II,PÚENTE INTERNACIONAL,2021,NOVIEMBRE,874,0,117,1,0,979,743,87,9779,1644,24,1,129,0,14378,36,220,0
Chapalilla - Compostela ,CAMINO,2021,DICIEMBRE,175069,1990,10034,2748,0,7105,5976,614,7596,2595,83,4,1917,0,215731,870,0,0
Cuauhtemoc-Osiris ,CAMINO,2021,DICIEMBRE,168081,492,4948,7252,0,13776,10465,3032,53863,10863,1548,110,23875,0,298305,3234,0,0
Culiacán,PUENTE NACIONAL,2021,DICIEMBRE,278875,3111,6741,772,14,8959,4431,516,7031,1368,3,1,544,2440,314806,0,0,0
Sinaloa,PUENTE NACIONAL,2021,DICIEMBRE,328906,2003,14861,5283,36,16451,12831,3179,62632,6845,1020,66,19576,5379,479068,12,0,0
Pánuco,PUENTE NACIONAL,2021,DICIEMBRE,159936,7279,9196,490,31,5498,5534,279,2827,1620,30,27,2435,1174,196356,138,0,0
Alvarado,PUENTE NACIONAL,2021,DICIEMBRE,143422,9625,7615,604,27,5260,5485,261,2808,1094,21,4,375,754,177355,0,0,0
Papaloapan,PUENTE NACIONAL,2021,DICIEMBRE,55409,10422,2935,161,30,4544,4943,141,3458,641,7,2,696,6098,89487,381,0,0
Caracol,PUENTE NACIONAL,2021,DICIEMBRE,172123,22253,10989,331,2,8346,5474,369,6111,1004,46,64,10842,2613,240567,761,0,0
Nautla,PUENTE NACIONAL,2021,DICIEMBRE,147718,4117,5082,2078,15,7725,7550,798,14168,3412,164,42,7924,1699,202492,11,0,0
Grijalva,PUENTE NACIONAL,2021,DICIEMBRE,409561,16688,11762,1867,40,16208,9755,1341,20535,7706,418,57,12413,2815,511166,135,0,0
Usumacinta,PUENTE NACIONAL,2021,DICIEMBRE,105709,11033,4719,1397,6,5805,6285,708,14612,3290,423,44,9781,1329,165141,132,0,0
Cadereyta,PUENTE NACIONAL,2021,DICIEMBRE,130750,2421,232,36,0,8873,5100,2076,12794,5176,377,474,5253,648,174210,69,0,0
La Piedad,PUENTE NACIONAL,2021,DICIEMBRE,76420,1697,3216,1093,0,6876,6466,530,7712,1210,28,4,313,497,106062,0,0,0
Tecolutla,PUENTE NACIONAL,2021,DICIEMBRE,134265,13292,5154,1709,18,6280,5234,556,10658,2525,41,15,4558,873,185178,5,0,0
San Juan,PUENTE NACIONAL,2021,DICIEMBRE,62480,115,446,130,0,3343,1768,318,5051,1030,56,62,8036,1428,84263,773,0,0
Tampico,PUENTE NACIONAL,2021,DICIEMBRE,293398,2644,9176,2791,0,7459,3776,264,1567,512,15,14,755,1184,323555,0,0,0
Tlacotalpan,PUENTE NACIONAL,2021,DICIEMBRE,45507,4888,1115,33,0,1334,858,36,280,69,0,0,26,505,54651,0,0,0
Dovalí Jaime,PUENTE NACIONAL,2021,DICIEMBRE,263341,5370,8202,4194,17,23139,26820,3853,82672,13188,1356,502,42661,1838,477153,42,0,0
Dovalí Jaime Bis,PUENTE NACIONAL,2021,DICIEMBRE,14533,1436,86,0,0,438,278,0,47,18,0,0,2,10,16848,0,0,0
Refineria Lazaro Cárdenas,PUENTE NACIONAL,2021,DICIEMBRE,2408,39,45,5,0,196,173,22,85,43,6,1,56,18,3097,0,0,0
Matamoros,PÚENTE INTERNACIONAL,2021,DICIEMBRE,101423,156,0,0,0,47,1,3,0,0,0,0,1,0,101631,146,0,107085
Camargo,PÚENTE INTERNACIONAL,2021,DICIEMBRE,31400,31,76,0,0,110,118,3,1657,11,11,2,1965,0,35384,350,0,3962
Miguel Alemán,PÚENTE INTERNACIONAL,2021,DICIEMBRE,54440,29,3,29,0,110,90,40,2156,10,0,0,0,0,56907,339,0,20715
Reynosa,PÚENTE INTERNACIONAL,2021,DICIEMBRE,120631,218,808,1023,0,87,11,15,2,0,0,0,0,0,122795,472,0,158008
   Línea Express,PÚENTE INTERNACIONAL,2021,DICIEMBRE,65605,0,0,0,0,0,0,0,0,0,0,0,0,0,65605,0,0,0
Las Flores,PÚENTE INTERNACIONAL,2021,DICIEMBRE,44649,30,0,0,0,73,546,32,1004,382,32,12,1843,0,48603,99,207,108777
Ojinaga,PÚENTE INTERNACIONAL,2021,DICIEMBRE,48875,68,9,69,2,758,133,142,577,79,0,15,0,0,50727,1069,0,8974
Rodolfo Robles,PÚENTE INTERNACIONAL,2021,DICIEMBRE,8055,34418,51,103,0,15,0,0,0,0,0,0,0,9218,51860,4,0,31142
Piedras Negras,PÚENTE INTERNACIONAL,2021,DICIEMBRE,97348,73,1,0,0,194,2,2,0,0,0,0,0,0,97620,247,0,48823
Acuña,PÚENTE INTERNACIONAL,2021,DICIEMBRE,123091,364,0,0,0,1538,754,153,3322,35,38,0,0,0,129295,909,0,10145
Laredo,PÚENTE INTERNACIONAL,2021,DICIEMBRE,0,0,0,0,0,0,0,0,0,0,0,0,0,0,0,0,0,228036
   Línea Express,PÚENTE INTERNACIONAL,2021,DICIEMBRE,105961,0,0,0,0,0,0,0,0,0,0,0,0,0,105961,0,0,0
Juárez-Lincoln,PÚENTE INTERNACIONAL,2021,DICIEMBRE,237281,1317,27,2957,0,318,19,68,2,0,1,0,1,0,241991,1670,0,0
Suchiate II,PÚENTE INTERNACIONAL,2021,DICIEMBRE,1351,0,99,2,0,1090,785,78,10011,1664,15,1,113,0,15209,46,276,0
Chapalilla - Compostela ,CAMINO,2022,ENERO,141383,2133,7233,1561,1,6222,5582,556,6812,2499,61,4,1320,0,175367,682,0,0
Cuauhtemoc-Osiris ,CAMINO,2022,ENERO,127846,555,3990,5534,0,12144,9340,3161,52309,10323,1957,153,23698,0,251010,2422,2,0
Culiacán,PUENTE NACIONAL,2022,ENERO,235063,2909,6778,641,18,7520,3814,604,7797,1267,8,1,627,0,267047,2184,0,0
Sinaloa,PUENTE NACIONAL,2022,ENERO,263398,1608,14976,4891,20,13790,11959,3292,64217,6647,1061,49,22446,0,408354,4221,33,0
Pánuco,PUENTE NACIONAL,2022,ENERO,133871,6148,8988,330,51,4749,6709,273,2891,1730,18,20,2081,0,167859,1018,74,0
Alvarado,PUENTE NACIONAL,2022,ENERO,116977,7753,6671,532,8,4751,4215,298,2691,1225,26,6,493,0,145646,649,1,0
Papaloapan,PUENTE NACIONAL,2022,ENERO,48471,8990,2597,110,28,3923,4252,155,2991,599,8,6,719,0,72849,6395,394,0
Caracol,PUENTE NACIONAL,2022,ENERO,144072,18713,10096,293,1,7521,4818,302,5988,1206,61,77,10207,0,203355,2185,585,0
Nautla,PUENTE NACIONAL,2022,ENERO,114426,3297,4562,1917,22,6281,6747,638,12767,3323,250,47,8153,0,162430,1282,91,0
Grijalva,PUENTE NACIONAL,2022,ENERO,347502,14822,11061,1490,48,14005,8354,1196,18376,7880,407,64,11554,0,436759,2436,34,0
Usumacinta,PUENTE NACIONAL,2022,ENERO,89156,9042,4164,1133,11,4850,5095,656,12657,2988,404,47,9889,0,140092,1149,28,0
Cadereyta,PUENTE NACIONAL,2022,ENERO,110309,1879,179,19,0,7464,4593,1810,12153,4835,213,317,4979,0,148750,552,26,0
La Piedad,PUENTE NACIONAL,2022,ENERO,64371,1444,3420,1108,0,5820,5716,468,7246,1037,41,10,257,0,90938,479,0,0
Tecolutla,PUENTE NACIONAL,2022,ENERO,106748,10869,4747,1589,8,5073,4559,350,9487,2187,67,15,4884,0,150583,664,10,0
San Juan,PUENTE NACIONAL,2022,ENERO,50990,50,416,125,0,2802,1503,206,5036,818,40,41,6911,0,68938,1296,754,0
Tampico,PUENTE NACIONAL,2022,ENERO,237953,1987,8182,2461,0,6334,2701,240,1284,320,11,15,704,0,262192,1045,0,0
Tlacotalpan,PUENTE NACIONAL,2022,ENERO,38429,4269,1033,16,1,1147,1120,37,400,67,1,0,20,0,46540,486,5,0
Dovalí Jaime,PUENTE NACIONAL,2022,ENERO,210981,4348,7030,3385,19,18882,23112,3134,73607,12770,1092,422,40314,0,399096,1557,101,0
Dovalí Jaime Bis,PUENTE NACIONAL,2022,ENERO,11661,1125,82,0,0,381,106,2,21,13,1,0,15,0,13407,11,0,0
Refineria Lazaro Cárdenas,PUENTE NACIONAL,2022,ENERO,1899,28,14,7,0,98,108,17,85,28,3,1,63,0,2351,19,0,0
Matamoros,PÚENTE INTERNACIONAL,2022,ENERO,91675,118,0,0,0,64,3,4,0,0,0,0,0,0,91864,223,0,87371
Camargo,PÚENTE INTERNACIONAL,2022,ENERO,27886,25,103,0,0,85,120,3,1698,20,12,2,1682,0,31636,254,0,2792
Miguel Alemán,PÚENTE INTERNACIONAL,2022,ENERO,47792,6,8,16,0,89,69,37,2148,7,0,0,0,0,50172,283,0,16004
Reynosa,PÚENTE INTERNACIONAL,2022,ENERO,115201,149,697,904,0,88,4,7,1,0,0,0,0,0,117051,398,0,124982
   Línea Express,PÚENTE INTERNACIONAL,2022,ENERO,62105,0,0,0,0,0,0,0,0,0,0,0,0,0,62105,0,0,0
Las Flores,PÚENTE INTERNACIONAL,2022,ENERO,41519,18,1,1,0,75,609,40,993,440,22,8,1698,0,45424,106,85,93634
Ojinaga,PÚENTE INTERNACIONAL,2022,ENERO,47850,101,11,89,0,765,103,204,653,23,0,51,0,0,49850,1442,0,7418
Rodolfo Robles,PÚENTE INTERNACIONAL,2022,ENERO,5912,29116,29,106,0,14,4,0,1,1,0,0,0,7087,42270,4,0,26490
Piedras Negras,PÚENTE INTERNACIONAL,2022,ENERO,96190,75,0,0,0,240,2,5,0,0,0,0,0,0,96512,422,0,29815
Acuña,PÚENTE INTERNACIONAL,2022,ENERO,118082,245,1,0,0,1594,797,164,3497,29,30,0,1,0,124440,1155,1,7212
Laredo,PÚENTE INTERNACIONAL,2022,ENERO,0,0,0,0,0,0,0,0,0,0,0,0,0,0,0,0,0,170761
   Línea Express,PÚENTE INTERNACIONAL,2022,ENERO,91707,0,0,0,0,0,0,0,0,0,0,0,0,0,91707,0,0,0
Juárez-Lincoln,PÚENTE INTERNACIONAL,2022,ENERO,223339,866,50,2546,0,376,22,71,3,0,1,0,1,0,227275,2792,0,0
Suchiate II,PÚENTE INTERNACIONAL,2022,ENERO,490,0,27,1,0,591,680,28,9580,1657,15,0,125,0,13194,16,315,0
Chapalilla - Compostela ,CAMINO,2022,FEBRERO,120920,2200,6397,1298,0,5983,5134,546,6311,2502,43,3,952,0,152289,819,0,0
Cuauhtemoc-Osiris ,CAMINO,2022,FEBRERO,112385,649,3372,5007,0,11851,8609,2950,50261,9654,1647,140,22846,0,229371,2073,0,0
Culiacán,PUENTE NACIONAL,2022,FEBRERO,224597,2480,6051,554,26,7294,3734,521,7841,1336,4,1,631,0,255070,2110,0,0
Sinaloa,PUENTE NACIONAL,2022,FEBRERO,226711,1645,12267,3794,19,13539,12195,3339,62924,7074,948,58,20834,0,365347,3587,17,0
Pánuco,PUENTE NACIONAL,2022,FEBRERO,118140,5665,7468,69,54,4587,6473,234,2769,1758,24,27,2021,0,149289,957,107,0
Alvarado,PUENTE NACIONAL,2022,FEBRERO,101660,7989,5710,370,7,4481,5184,356,2656,1372,17,1,529,0,130332,719,0,0
Papaloapan,PUENTE NACIONAL,2022,FEBRERO,42356,8498,2371,79,21,3772,4381,118,2944,533,10,1,586,0,65670,6384,328,0
Caracol,PUENTE NACIONAL,2022,FEBRERO,129763,18483,8396,178,0,6926,4609,322,5417,848,75,39,10054,0,185110,2264,810,0
Nautla,PUENTE NACIONAL,2022,FEBRERO,76095,2832,3415,1160,11,5402,5802,575,10893,2702,139,49,5589,0,114664,1049,12,0
Grijalva,PUENTE NACIONAL,2022,FEBRERO,326398,13747,9610,1208,33,13284,8242,1221,18120,7412,447,52,11484,0,411258,2537,0,0
Usumacinta,PUENTE NACIONAL,2022,FEBRERO,76269,8721,3011,836,5,4454,4973,591,12020,2576,452,56,9439,0,123403,1068,0,0
Cadereyta,PUENTE NACIONAL,2022,FEBRERO,109069,1860,208,13,0,7247,4544,1785,11256,4393,420,410,5412,0,146617,772,24,0
La Piedad,PUENTE NACIONAL,2022,FEBRERO,56970,1304,3050,1019,0,5865,5769,500,6875,1089,35,14,210,0,82700,468,0,0
Tecolutla,PUENTE NACIONAL,2022,FEBRERO,81476,10270,3556,1093,8,4941,4403,350,9017,2061,50,9,3721,0,120955,601,0,0
San Juan,PUENTE NACIONAL,2022,FEBRERO,49437,68,396,106,0,2849,1403,226,5023,902,27,48,6928,0,67413,1049,930,0
Tampico,PUENTE NACIONAL,2022,FEBRERO,200419,1785,5842,1619,0,5962,2501,208,1107,255,3,5,649,0,220355,909,0,0
Tlacotalpan,PUENTE NACIONAL,2022,FEBRERO,37653,4754,1044,28,0,997,750,36,509,66,0,1,28,0,45866,579,0,0
Dovalí Jaime,PUENTE NACIONAL,2022,FEBRERO,171604,3874,5120,2455,14,18598,22681,3281,73191,12781,1152,429,38448,0,353628,1605,54,0
Dovalí Jaime Bis,PUENTE NACIONAL,2022,FEBRERO,11081,993,83,0,0,393,39,3,34,12,0,0,1,0,12639,17,0,0
Refineria Lazaro Cárdenas,PUENTE NACIONAL,2022,FEBRERO,1884,28,10,4,0,114,112,8,101,34,4,2,60,0,2361,9,0,0
Matamoros,PÚENTE INTERNACIONAL,2022,FEBRERO,88689,110,0,0,0,50,0,2,0,0,0,0,1,0,88852,100,1,87823
Camargo,PÚENTE INTERNACIONAL,2022,FEBRERO,25613,23,111,4,0,86,135,3,1641,9,10,5,1844,0,29484,223,0,2801
Miguel Alemán,PÚENTE INTERNACIONAL,2022,FEBRERO,46501,10,7,16,2,97,95,31,2087,8,0,1,0,0,48855,243,0,16110
Reynosa,PÚENTE INTERNACIONAL,2022,FEBRERO,109948,153,595,879,0,67,16,6,0,0,0,0,0,0,111664,305,0,121376
   Línea Express,PÚENTE INTERNACIONAL,2022,FEBRERO,59560,0,0,0,0,0,0,0,0,0,0,0,0,0,59560,0,0,0
Las Flores,PÚENTE INTERNACIONAL,2022,FEBRERO,39692,8,0,1,0,68,540,30,1176,554,25,6,1499,0,43599,89,41,98597
Ojinaga,PÚENTE INTERNACIONAL,2022,FEBRERO,42167,50,8,72,2,652,113,168,577,50,11,22,29,0,43921,787,0,4877
Rodolfo Robles,PÚENTE INTERNACIONAL,2022,FEBRERO,5313,27833,22,122,0,8,0,0,0,0,0,0,0,5678,38976,4,0,24754
Piedras Negras,PÚENTE INTERNACIONAL,2022,FEBRERO,91348,90,0,0,0,204,1,1,0,0,0,0,0,0,91644,198,0,26051
Acuña,PÚENTE INTERNACIONAL,2022,FEBRERO,111703,317,0,0,0,1527,780,149,3626,34,26,0,0,0,118162,758,0,6208
Laredo,PÚENTE INTERNACIONAL,2022,FEBRERO,0,0,0,0,0,0,0,0,0,0,0,0,0,0,0,0,0,168128
   Línea Express,PÚENTE INTERNACIONAL,2022,FEBRERO,89211,0,0,0,0,0,0,0,0,0,0,0,0,0,89211,0,0,0
Juárez-Lincoln,PÚENTE INTERNACIONAL,2022,FEBRERO,205631,915,28,1792,0,271,6,50,1,0,1,0,0,0,208695,1232,0,0
Suchiate II,PÚENTE INTERNACIONAL,2022,FEBRERO,824,0,42,0,0,749,750,46,10046,1545,13,2,102,0,14119,11,169,0
Chapalilla - Compostela ,CAMINO,2022,MARZO,151957,2294,8120,1805,1,7350,5839,603,7396,2948,46,1,1018,0,189378,940,0,0
Cuauhtemoc-Osiris ,CAMINO,2022,MARZO,129911,732,4171,5849,1,14064,9961,3744,58321,11873,2175,179,25812,0,266793,2438,0,0
Culiacán,PUENTE NACIONAL,2022,MARZO,249487,2761,6651,620,29,8625,4375,587,9118,1786,1,3,604,0,284647,2699,0,0
Sinaloa,PUENTE NACIONAL,2022,MARZO,258767,1944,12471,4272,38,16208,15101,3653,71879,7838,984,83,22927,0,416165,4166,2,0
Pánuco,PUENTE NACIONAL,2022,MARZO,133399,6761,8478,106,26,5329,4825,381,3412,1821,15,27,2264,0,166844,1200,107,0
Alvarado,PUENTE NACIONAL,2022,MARZO,118335,9532,6642,427,13,5151,6606,282,3043,1556,34,2,442,0,152065,838,0,0
Papaloapan,PUENTE NACIONAL,2022,MARZO,50892,10131,3036,116,44,5341,5310,186,3739,668,6,5,706,0,80180,6698,265,0
Caracol,PUENTE NACIONAL,2022,MARZO,146162,21673,9793,220,0,8131,5433,392,6159,1108,81,55,10373,0,209580,2195,442,0
Nautla,PUENTE NACIONAL,2022,MARZO,65446,3758,3919,931,5,4889,4327,503,8775,1700,65,13,3153,0,97484,1032,0,0
Grijalva,PUENTE NACIONAL,2022,MARZO,376667,16466,11677,1263,36,15844,9585,1414,21348,8695,501,65,12960,0,476521,3089,20,0
Usumacinta,PUENTE NACIONAL,2022,MARZO,88373,10100,3664,771,7,5407,6074,657,14333,3131,492,43,10012,0,143064,1395,18,0
Cadereyta,PUENTE NACIONAL,2022,MARZO,126666,2440,249,57,1,8435,5645,1146,11829,4155,357,301,6044,0,167325,882,35,0
La Piedad,PUENTE NACIONAL,2022,MARZO,64546,1573,3359,1180,0,6994,6735,576,8374,1271,32,14,232,0,94886,533,0,0
Tecolutla,PUENTE NACIONAL,2022,MARZO,91266,12908,4275,1013,9,5509,5164,369,8469,1775,38,2,2767,0,133564,581,0,0
San Juan,PUENTE NACIONAL,2022,MARZO,56007,140,690,217,0,3436,1888,329,5417,859,53,80,8337,0,77453,1374,944,0
Tampico,PUENTE NACIONAL,2022,MARZO,239402,2166,7003,1789,0,7182,3021,242,1191,261,4,6,710,0,262977,1191,2,0
Tlacotalpan,PUENTE NACIONAL,2022,MARZO,37768,4754,1093,27,0,1192,1087,46,619,83,0,0,19,0,46688,528,0,0
Dovalí Jaime,PUENTE NACIONAL,2022,MARZO,195852,4837,5685,2913,18,21934,26106,4306,84405,14728,1386,602,41822,0,404594,1786,44,0
Dovalí Jaime Bis,PUENTE NACIONAL,2022,MARZO,13762,1282,94,0,0,442,106,2,21,13,0,0,5,0,15727,18,0,0
Refineria Lazaro Cárdenas,PUENTE NACIONAL,2022,MARZO,2238,35,20,9,0,142,109,9,139,39,3,11,43,0,2797,21,0,0
Matamoros,PÚENTE INTERNACIONAL,2022,MARZO,98765,203,0,0,0,95,2,2,0,0,0,0,1,0,99068,155,1,106676
Camargo,PÚENTE INTERNACIONAL,2022,MARZO,29344,49,210,78,0,89,123,4,1679,11,10,5,2171,0,33773,342,0,3183
Miguel Alemán,PÚENTE INTERNACIONAL,2022,MARZO,50629,28,4,30,5,128,106,44,2515,22,0,0,0,0,53511,314,0,19091
Reynosa,PÚENTE INTERNACIONAL,2022,MARZO,128933,202,583,901,1,75,13,8,0,0,0,0,3,0,130719,352,0,146607
   Línea Express,PÚENTE INTERNACIONAL,2022,MARZO,66134,0,0,0,0,0,0,0,0,0,0,0,0,0,66134,0,0,0
Las Flores,PÚENTE INTERNACIONAL,2022,MARZO,45241,25,0,0,0,86,334,22,1317,473,35,1,2384,0,49918,119,241,129161
Ojinaga,PÚENTE INTERNACIONAL,2022,MARZO,51268,53,19,71,3,761,155,182,487,38,25,1,51,0,53114,1146,0,5782
Rodolfo Robles,PÚENTE INTERNACIONAL,2022,MARZO,5933,31366,44,128,0,16,0,0,0,0,0,0,0,7759,45246,1,0,26350
Piedras Negras,PÚENTE INTERNACIONAL,2022,MARZO,109237,159,1,0,0,215,1,1,0,0,0,0,0,0,109614,278,0,35067
Acuña,PÚENTE INTERNACIONAL,2022,MARZO,130189,525,407,1,0,1881,906,177,4457,41,32,0,0,0,138616,1000,0,7048
Laredo,PÚENTE INTERNACIONAL,2022,MARZO,0,0,0,0,0,0,0,0,0,0,0,0,0,0,0,0,0,191378
   Línea Express,PÚENTE INTERNACIONAL,2022,MARZO,94965,0,0,0,0,0,0,0,0,0,0,0,0,0,94965,0,0,0
Juárez-Lincoln,PÚENTE INTERNACIONAL,2022,MARZO,231430,1326,40,2458,0,330,18,73,5,0,3,0,0,0,235683,1477,0,0
Suchiate II,PÚENTE INTERNACIONAL,2022,MARZO,1022,0,73,0,0,933,910,75,12015,1929,10,1,59,0,17027,21,195,0
Chapalilla - Compostela ,CAMINO,2022,ABRIL,198335,2329,10051,2709,2,6792,5343,564,7236,2806,64,1,1047,0,237279,1013,0,0
Cuauhtemoc-Osiris ,CAMINO,2022,ABRIL,153296,1817,4830,6652,0,12907,9678,3439,54544,10625,1863,173,23931,0,283755,2390,0,0
Culiacán,PUENTE NACIONAL,2022,ABRIL,255904,3152,6701,685,31,7840,4518,464,8422,1586,3,0,576,0,289882,2712,0,0
Sinaloa,PUENTE NACIONAL,2022,ABRIL,281268,2835,12412,4853,18,14887,13220,2549,64327,6284,949,75,21238,0,424915,5958,7,0
Pánuco,PUENTE NACIONAL,2022,ABRIL,141846,6969,8454,187,14,5111,3647,296,2856,1762,38,17,2168,0,173365,1047,96,0
Alvarado,PUENTE NACIONAL,2022,ABRIL,139578,9633,7116,529,6,4990,6332,254,2804,1296,7,6,532,0,173083,832,0,0
Papaloapan,PUENTE NACIONAL,2022,ABRIL,47190,9712,2724,111,28,5052,4974,146,2998,423,4,1,595,0,73958,4056,174,0
Caracol,PUENTE NACIONAL,2022,ABRIL,148570,21171,10052,312,0,7727,5675,392,6044,1255,67,94,10977,0,212336,1997,805,0
Nautla,PUENTE NACIONAL,2022,ABRIL,79923,4546,4105,897,3,4638,4050,423,7367,1424,48,22,2530,0,109976,970,1,0
Grijalva,PUENTE NACIONAL,2022,ABRIL,391349,16046,12136,1668,36,14837,8467,1322,18941,7502,434,46,12810,0,485594,3073,47,0
Usumacinta,PUENTE NACIONAL,2022,ABRIL,101858,10625,4564,1136,10,5262,6449,632,13087,2831,423,48,9507,0,156432,1305,47,0
Cadereyta,PUENTE NACIONAL,2022,ABRIL,123594,2603,198,48,0,7658,5184,1143,10601,3809,248,309,5237,0,160632,785,44,0
La Piedad,PUENTE NACIONAL,2022,ABRIL,63244,1488,3421,1250,1,6903,7324,550,9197,1526,34,11,252,0,95201,561,2,0
Tecolutla,PUENTE NACIONAL,2022,ABRIL,112189,12916,4743,1025,17,4870,4399,333,7313,1513,31,13,2281,0,151643,615,0,0
San Juan,PUENTE NACIONAL,2022,ABRIL,56584,146,616,270,0,3066,1696,284,5736,1018,81,50,7670,0,77217,1388,994,0
Tampico,PUENTE NACIONAL,2022,ABRIL,284105,2502,7839,2291,0,6826,3069,235,1182,288,18,4,754,0,309113,1370,5,0
Tlacotalpan,PUENTE NACIONAL,2022,ABRIL,43470,4480,1136,23,0,1089,1159,29,558,71,0,0,25,0,52040,414,0,0
Dovalí Jaime,PUENTE NACIONAL,2022,ABRIL,223796,4917,7162,3612,26,20242,24316,4085,79418,13869,1304,459,41264,0,424470,1867,43,0
Dovalí Jaime Bis,PUENTE NACIONAL,2022,ABRIL,14994,1362,97,0,0,456,124,7,26,58,2,0,2,0,17128,13,0,0
Refineria Lazaro Cárdenas,PUENTE NACIONAL,2022,ABRIL,2019,59,29,6,0,115,85,7,83,36,1,0,48,0,2488,19,0,0
Matamoros,PÚENTE INTERNACIONAL,2022,ABRIL,100459,232,0,0,0,88,2,3,0,0,0,0,0,0,100784,178,0,109157
Camargo,PÚENTE INTERNACIONAL,2022,ABRIL,29485,31,97,69,0,94,127,3,2400,20,14,4,2129,0,34473,389,0,3184
Miguel Alemán,PÚENTE INTERNACIONAL,2022,ABRIL,52247,25,5,34,2,98,101,31,2840,12,0,0,0,0,55395,324,0,19023
Reynosa,PÚENTE INTERNACIONAL,2022,ABRIL,126398,276,311,700,0,77,9,7,0,0,0,0,2,0,127780,387,2,142911
   Línea Express,PÚENTE INTERNACIONAL,2022,ABRIL,66870,0,0,0,0,0,0,0,0,0,0,0,0,0,66870,0,0,0
Las Flores,PÚENTE INTERNACIONAL,2022,ABRIL,43940,34,0,0,0,66,203,16,1747,451,23,0,1935,0,48415,115,232,102912
Ojinaga,PÚENTE INTERNACIONAL,2022,ABRIL,50389,64,14,74,3,714,124,198,508,6,21,18,34,0,52167,1111,0,6003
Rodolfo Robles,PÚENTE INTERNACIONAL,2022,ABRIL,6340,29376,31,114,0,10,0,0,0,0,0,0,0,7282,43153,1,0,26232
Piedras Negras,PÚENTE INTERNACIONAL,2022,ABRIL,106232,169,1,0,0,198,0,4,0,0,0,0,0,0,106604,240,0,35069
Acuña,PÚENTE INTERNACIONAL,2022,ABRIL,123060,441,0,0,0,1550,798,176,3889,28,37,1,0,0,129980,874,0,7143
Laredo,PÚENTE INTERNACIONAL,2022,ABRIL,0,0,0,0,0,0,0,0,0,0,0,0,0,0,0,0,0,196318
   Línea Express,PÚENTE INTERNACIONAL,2022,ABRIL,105556,0,0,0,0,0,0,0,0,0,0,0,0,0,105556,0,0,0
Juárez-Lincoln,PÚENTE INTERNACIONAL,2022,ABRIL,231100,1418,27,2454,1,281,10,47,15,0,1,0,2,0,235356,1244,1,0
Suchiate II,PÚENTE INTERNACIONAL,2022,ABRIL,939,0,73,0,0,823,779,77,9849,1438,14,1,49,0,14042,28,230,0
Chapalilla - Compostela ,CAMINO,2022,MAYO,165950,2093,11333,3861,0,6794,5756,635,7412,2954,58,1,821,0,207668,893,0,0
Cuauhtemoc-Osiris ,CAMINO,2022,MAYO,139201,610,4645,6446,0,13924,10877,3434,57988,11770,1766,156,24699,0,275516,2518,0,0
Culiacán,PUENTE NACIONAL,2022,MAYO,252234,3126,6753,683,24,8256,4139,469,7765,1605,4,3,730,0,285791,2513,0,0
Sinaloa,PUENTE NACIONAL,2022,MAYO,258470,1939,12691,4756,34,15787,13491,3206,64558,6900,1060,86,18712,0,401690,3924,12,0
Pánuco,PUENTE NACIONAL,2022,MAYO,137485,7287,8547,166,28,5355,3400,361,3130,1765,44,20,1892,0,169480,1088,91,0
Alvarado,PUENTE NACIONAL,2022,MAYO,125350,11056,7328,503,5,5609,6984,296,3034,1425,23,2,626,0,162241,869,0,0
Papaloapan,PUENTE NACIONAL,2022,MAYO,52645,11047,3348,100,7,5461,5385,147,2813,487,12,7,896,0,82355,1612,95,0
Caracol,PUENTE NACIONAL,2022,MAYO,141982,22577,10160,221,0,7591,6461,425,5828,1118,79,110,11294,0,207846,1700,1301,0
Nautla,PUENTE NACIONAL,2022,MAYO,72856,4668,3955,874,5,4706,4406,483,7960,1637,49,11,2650,0,104260,1021,2,0
Grijalva,PUENTE NACIONAL,2022,MAYO,395271,17137,12094,1575,33,15861,9159,1592,21821,9200,479,74,14303,0,498599,3291,59,0
Usumacinta,PUENTE NACIONAL,2022,MAYO,93962,11205,3962,955,2,5601,7886,781,15024,3396,409,55,10528,0,153766,1537,54,0
Cadereyta,PUENTE NACIONAL,2022,MAYO,126550,3100,242,47,1,7883,5581,926,10913,3398,187,316,5657,0,164801,638,24,0
La Piedad,PUENTE NACIONAL,2022,MAYO,69284,1646,3658,1326,0,7933,8535,749,13303,1992,106,8,387,0,108927,529,0,0
Tecolutla,PUENTE NACIONAL,2022,MAYO,94918,13881,4842,1090,3,4720,5079,405,7751,1786,42,8,2338,0,136863,649,0,0
San Juan,PUENTE NACIONAL,2022,MAYO,58906,181,691,141,0,3306,1734,283,5654,965,43,100,9443,0,81447,1265,1235,0
Tampico,PUENTE NACIONAL,2022,MAYO,269261,2817,7447,2063,1,6961,3330,238,1299,294,10,7,911,0,294639,1151,9,0
Tlacotalpan,PUENTE NACIONAL,2022,MAYO,38685,4937,1176,26,0,1282,869,40,527,52,2,1,34,0,47631,388,0,0
Dovalí Jaime,PUENTE NACIONAL,2022,MAYO,201551,4910,6382,3018,15,21717,25568,4281,84754,15350,1305,519,44133,0,413503,1852,69,0
Dovalí Jaime Bis,PUENTE NACIONAL,2022,MAYO,17161,1465,106,0,0,646,128,7,35,53,0,0,3,0,19604,18,0,0
Refineria Lazaro Cárdenas,PUENTE NACIONAL,2022,MAYO,2115,59,37,12,0,117,97,9,94,75,1,1,80,0,2697,12,0,0
Matamoros,PÚENTE INTERNACIONAL,2022,MAYO,100416,274,0,0,0,73,1,1,1,0,0,0,0,0,100766,155,0,107952
Camargo,PÚENTE INTERNACIONAL,2022,MAYO,31240,29,93,11,0,78,145,5,1819,18,14,1,2386,0,35839,341,0,2970
Miguel Alemán,PÚENTE INTERNACIONAL,2022,MAYO,53275,15,3,20,1,117,90,57,2598,12,0,0,0,0,56188,285,0,17471
Reynosa,PÚENTE INTERNACIONAL,2022,MAYO,122812,336,322,693,1,83,7,5,0,0,0,0,0,0,124259,334,0,138585
   Línea Express,PÚENTE INTERNACIONAL,2022,MAYO,70992,0,0,0,0,0,0,0,0,0,0,0,0,0,70992,0,0,0
Las Flores,PÚENTE INTERNACIONAL,2022,MAYO,44945,45,0,0,0,64,136,34,1276,458,44,9,1662,0,48673,123,129,93467
Ojinaga,PÚENTE INTERNACIONAL,2022,MAYO,52495,31,10,74,3,814,155,173,522,10,55,59,2,0,54403,961,0,5946
Rodolfo Robles,PÚENTE INTERNACIONAL,2022,MAYO,5677,31643,34,137,0,17,1,0,0,0,0,0,0,7382,44891,2,0,28602
Piedras Negras,PÚENTE INTERNACIONAL,2022,MAYO,101936,152,1,0,0,185,0,0,0,0,0,0,0,0,102274,199,0,35049
Acuña,PÚENTE INTERNACIONAL,2022,MAYO,126833,418,1,1,0,1718,862,173,4026,44,38,0,0,0,134114,958,0,7924
Laredo,PÚENTE INTERNACIONAL,2022,MAYO,0,0,0,0,0,0,0,0,0,0,0,0,0,0,0,0,0,194038
   Línea Express,PÚENTE INTERNACIONAL,2022,MAYO,105601,0,0,0,0,0,0,0,0,0,0,0,0,0,105601,0,0,0
Juárez-Lincoln,PÚENTE INTERNACIONAL,2022,MAYO,243442,1405,21,2337,0,297,8,48,2,0,0,0,0,0,247560,1432,0,0
Suchiate II,PÚENTE INTERNACIONAL,2022,MAYO,896,0,78,0,0,810,863,68,10935,1664,23,0,68,0,15405,25,269,0
Chapalilla - Compostela ,CAMINO,2022,JUNIO,151732,6820,10677,4808,1323,5916,3638,601,7334,3337,64,4,882,0,197136,940,0,0
Cuauhtemoc-Osiris ,CAMINO,2022,JUNIO,129265,1292,4319,7192,4413,12961,8080,3712,58742,11898,1545,127,23052,0,266598,2596,2,0
Culiacán,PUENTE NACIONAL,2022,JUNIO,235054,2776,6093,1610,246,7868,3588,610,6817,1676,3,1,507,0,266849,2716,0,0
Sinaloa,PUENTE NACIONAL,2022,JUNIO,244613,1789,11612,7203,2673,16190,8963,3400,60374,7597,1090,114,16891,0,382509,3891,18,0
Pánuco,PUENTE NACIONAL,2022,JUNIO,127526,7149,8124,1797,18,4383,1787,270,2672,1695,47,14,1739,0,157221,890,74,0
Alvarado,PUENTE NACIONAL,2022,JUNIO,110286,10448,6569,2246,85,4196,3027,207,2732,1228,11,1,372,0,141408,805,0,0
Papaloapan,PUENTE NACIONAL,2022,JUNIO,43200,10352,2651,1252,34,3945,3354,146,2214,397,10,4,577,0,68136,713,11,0
Caracol,PUENTE NACIONAL,2022,JUNIO,137920,21075,10131,3960,8,6192,3097,374,5090,873,67,98,10032,0,198917,567,9,0
Nautla,PUENTE NACIONAL,2022,JUNIO,66457,4133,3721,1249,526,4623,3367,447,7295,1555,59,20,2044,0,95496,992,0,0
Grijalva,PUENTE NACIONAL,2022,JUNIO,368781,16213,11524,6446,481,13574,5352,1577,20045,8220,407,68,12896,0,465584,2971,101,0
Usumacinta,PUENTE NACIONAL,2022,JUNIO,84143,10278,3126,2416,80,5515,5140,720,14040,3213,384,41,9744,0,138840,1184,105,0
Cadereyta,PUENTE NACIONAL,2022,JUNIO,121470,3067,207,773,2,9939,3052,812,10366,3225,224,206,6084,0,159427,775,38,0
La Piedad,PUENTE NACIONAL,2022,JUNIO,66698,1504,3513,2124,1028,8468,6331,822,14549,2289,43,12,549,0,107930,528,0,0
Tecolutla,PUENTE NACIONAL,2022,JUNIO,83927,12838,4356,1286,516,4549,2768,331,7062,1688,38,17,1744,0,121120,550,0,0
San Juan,PUENTE NACIONAL,2022,JUNIO,55957,166,603,487,128,3502,1067,277,5513,980,60,105,9857,0,78702,1241,1154,0
Tampico,PUENTE NACIONAL,2022,JUNIO,234494,2737,6937,2757,1307,5737,1837,249,1222,319,23,3,1067,0,258689,936,0,0
Tlacotalpan,PUENTE NACIONAL,2022,JUNIO,35342,4596,1076,457,13,893,387,35,219,38,0,1,26,0,43083,484,0,0
Dovalí Jaime,PUENTE NACIONAL,2022,JUNIO,192486,4608,6054,12590,1324,22097,13696,3972,84143,15067,1289,562,43510,0,401398,1715,55,0
Dovalí Jaime Bis,PUENTE NACIONAL,2022,JUNIO,15832,1451,97,2,0,541,126,10,48,96,0,0,8,0,18211,34,0,0
Refineria Lazaro Cárdenas,PUENTE NACIONAL,2022,JUNIO,2097,29,49,20,0,125,125,19,111,43,0,0,64,0,2682,37,0,0
Matamoros,PÚENTE INTERNACIONAL,2022,JUNIO,95218,250,0,0,0,69,1,2,0,0,0,0,0,0,95540,136,0,95468
Camargo,PÚENTE INTERNACIONAL,2022,JUNIO,26467,48,1,4,0,110,64,5,1743,28,12,4,2347,0,30833,310,0,2093
Miguel Alemán,PÚENTE INTERNACIONAL,2022,JUNIO,45679,35,4,71,2,82,65,50,2743,11,0,0,0,0,48742,291,0,12177
Reynosa,PÚENTE INTERNACIONAL,2022,JUNIO,117297,294,317,531,142,70,10,7,0,0,0,0,0,0,118668,346,0,126427
   Línea Express,PÚENTE INTERNACIONAL,2022,JUNIO,62796,0,0,0,0,0,0,0,0,0,0,0,0,0,62796,0,0,0
Las Flores,PÚENTE INTERNACIONAL,2022,JUNIO,42293,31,0,1,0,53,162,22,717,469,37,6,1375,0,45166,100,68,84249
Ojinaga,PÚENTE INTERNACIONAL,2022,JUNIO,50501,33,16,90,1,674,126,198,590,26,38,29,19,0,52341,1128,0,5484
Rodolfo Robles,PÚENTE INTERNACIONAL,2022,JUNIO,5640,32081,53,131,0,14,1,0,0,0,0,0,0,7862,45782,7,0,33690
Piedras Negras,PÚENTE INTERNACIONAL,2022,JUNIO,100037,191,0,0,1,191,0,1,0,0,0,0,0,0,100421,194,0,27993
Acuña,PÚENTE INTERNACIONAL,2022,JUNIO,118123,449,0,668,0,1616,274,172,4006,44,40,0,0,0,125392,860,0,7224
Laredo,PÚENTE INTERNACIONAL,2022,JUNIO,0,0,0,0,0,0,0,0,0,0,0,0,0,0,0,0,0,182831
   Línea Express,PÚENTE INTERNACIONAL,2022,JUNIO,99675,0,0,0,0,0,0,0,0,0,0,0,0,0,99675,0,0,0
Juárez-Lincoln,PÚENTE INTERNACIONAL,2022,JUNIO,228932,1622,35,1829,742,268,12,58,2,0,0,0,1,0,233501,1512,1,0
Suchiate II,PÚENTE INTERNACIONAL,2022,JUNIO,1020,1,100,2,0,923,937,71,10988,1944,20,3,51,0,16060,26,339,0
Chapalilla - Compostela ,CAMINO,2022,JULIO,187126,2349,10817,4539,1346,6034,3697,599,7671,3449,55,4,862,0,228548,1003,0,0
Cuauhtemoc-Osiris ,CAMINO,2022,JULIO,153990,635,5096,7958,4502,13570,9947,3286,58234,11879,1525,127,24558,0,295307,2778,0,0
Culiacán,PUENTE NACIONAL,2022,JULIO,247466,3011,6485,1548,272,7448,3202,562,6596,1611,4,4,565,0,278774,2547,0,0
Sinaloa,PUENTE NACIONAL,2022,JULIO,278453,2278,12201,7850,2991,16097,7776,3649,58895,7467,1028,94,16834,0,415613,3939,9,0
Pánuco,PUENTE NACIONAL,2022,JULIO,136869,7837,8225,1852,9,4334,1331,235,2650,1888,17,6,1034,0,166287,977,7,0
Alvarado,PUENTE NACIONAL,2022,JULIO,123981,11081,7273,2472,161,4417,2759,224,2856,1117,3,0,253,0,156597,845,3,0
Papaloapan,PUENTE NACIONAL,2022,JULIO,46110,10632,2762,1183,3,3925,3003,113,1996,328,6,7,474,0,70542,523,16,0
Caracol,PUENTE NACIONAL,2022,JULIO,141619,21866,10386,4254,0,6184,2669,518,5286,889,37,108,10554,0,204370,496,13,0
Nautla,PUENTE NACIONAL,2022,JULIO,73782,4673,4025,1263,453,4704,3180,487,6828,1554,41,9,2142,0,103141,999,1,0
Grijalva,PUENTE NACIONAL,2022,JULIO,389455,17721,12236,6409,547,13739,5578,1493,19734,8857,474,101,13355,0,489699,3076,10,0
Usumacinta,PUENTE NACIONAL,2022,JULIO,95775,11429,3953,2675,92,5619,4695,716,14068,3494,406,69,10240,0,153231,1278,18,0
Cadereyta,PUENTE NACIONAL,2022,JULIO,123880,3145,226,777,6,9675,2825,920,10810,3824,200,263,6054,0,162605,781,26,0
La Piedad,PUENTE NACIONAL,2022,JULIO,70088,1682,3694,2190,1109,8265,6388,772,14779,2287,55,15,602,0,111926,575,0,0
Tecolutla,PUENTE NACIONAL,2022,JULIO,97899,13814,4659,1313,436,4586,2761,401,6726,1754,29,13,1886,0,136277,650,2,0
San Juan,PUENTE NACIONAL,2022,JULIO,56686,175,488,532,139,3424,1207,291,5527,1095,54,97,9515,0,79230,1154,1087,0
Tampico,PUENTE NACIONAL,2022,JULIO,270110,3451,7736,3088,1662,5839,1564,251,1057,282,25,3,1034,0,296102,1130,0,0
Tlacotalpan,PUENTE NACIONAL,2022,JULIO,39388,4919,1261,484,2,770,401,42,154,34,0,1,31,0,47487,492,0,0
Dovalí Jaime,PUENTE NACIONAL,2022,JULIO,221010,5287,6813,13019,1724,22468,14233,3954,82312,15127,1367,543,44647,0,432504,2053,24,0
Dovalí Jaime Bis,PUENTE NACIONAL,2022,JULIO,17517,1510,138,3,0,608,94,11,57,79,2,0,11,0,20030,27,0,0
Refineria Lazaro Cárdenas,PUENTE NACIONAL,2022,JULIO,2024,32,78,14,0,126,123,20,96,36,3,2,57,0,2611,27,0,0
Matamoros,PÚENTE INTERNACIONAL,2022,JULIO,96659,250,0,0,0,80,3,1,0,0,0,0,0,0,96993,163,0,97101
Camargo,PÚENTE INTERNACIONAL,2022,JULIO,28981,64,0,4,0,117,51,2,1811,14,14,6,2163,0,33227,349,0,1691
Miguel Alemán,PÚENTE INTERNACIONAL,2022,JULIO,46855,53,8,56,1,67,75,36,2628,16,1,1,0,0,49797,281,0,10466
Reynosa,PÚENTE INTERNACIONAL,2022,JULIO,126644,269,328,564,154,65,13,6,0,0,0,0,3,0,128046,378,3,129885
   Línea Express,PÚENTE INTERNACIONAL,2022,JULIO,60120,0,0,0,0,0,0,0,0,0,0,0,0,0,60120,0,0,0
Las Flores,PÚENTE INTERNACIONAL,2022,JULIO,44919,43,0,1,0,74,129,45,652,547,41,24,1981,0,48456,117,69,97055
Ojinaga,PÚENTE INTERNACIONAL,2022,JULIO,55207,16,18,95,1,685,119,183,504,8,1,46,42,0,56925,1282,0,6121
Rodolfo Robles,PÚENTE INTERNACIONAL,2022,JULIO,6508,34253,61,132,0,18,1,0,0,0,0,0,0,8333,49306,6,0,34603
Piedras Negras,PÚENTE INTERNACIONAL,2022,JULIO,108167,122,0,0,0,214,2,2,0,0,0,0,0,0,108507,267,0,32284
Acuña,PÚENTE INTERNACIONAL,2022,JULIO,123747,430,0,709,0,1577,230,175,3832,45,45,0,0,0,130790,877,0,6338
Laredo,PÚENTE INTERNACIONAL,2022,JULIO,0,0,0,0,0,0,0,0,0,0,0,0,0,0,0,6,0,191709
   Línea Express,PÚENTE INTERNACIONAL,2022,JULIO,101511,0,0,0,0,0,0,0,0,0,0,0,0,0,101511,0,0,0
Juárez-Lincoln,PÚENTE INTERNACIONAL,2022,JULIO,238812,1399,22,1985,866,332,10,40,2,0,0,0,2,0,243470,1688,2,0
Suchiate II,PÚENTE INTERNACIONAL,2022,JULIO,945,1,96,1,0,738,777,72,10920,1738,24,0,44,0,15356,17,101,0
Chapalilla - Compostela ,CAMINO,2022,AGOSTO,184390,2604,10551,2752,0,6858,5948,573,7532,3774,56,7,884,0,225929,1089,0,0
Cuauhtemoc-Osiris ,CAMINO,2022,AGOSTO,151366,1514,5264,6914,0,14888,15565,3755,60736,12491,1496,131,25286,0,299406,2608,4,0
Culiacán,PUENTE NACIONAL,2022,AGOSTO,237543,3190,6505,602,31,7234,3988,449,6515,1603,5,3,611,0,268279,2771,0,0
Sinaloa,PUENTE NACIONAL,2022,AGOSTO,270128,3174,12134,4840,20,16368,12069,3537,59638,7702,880,73,16466,0,407029,3628,14,0
Pánuco,PUENTE NACIONAL,2022,AGOSTO,140416,8516,8502,161,23,5099,2383,286,2600,1979,26,7,1059,0,171057,848,4,0
Alvarado,PUENTE NACIONAL,2022,AGOSTO,128349,10773,7234,483,6,5378,3851,192,2761,1308,3,3,416,0,160757,799,1,0
Papaloapan,PUENTE NACIONAL,2022,AGOSTO,45954,9685,2658,82,3,4686,3565,134,1918,307,2,1,550,0,69545,525,5,0
Caracol,PUENTE NACIONAL,2022,AGOSTO,147525,22124,10822,252,0,8164,5038,496,4870,933,42,100,10597,0,210963,526,5,0
Nautla,PUENTE NACIONAL,2022,AGOSTO,79594,4565,4478,762,1,5088,3768,472,6760,1349,35,13,1926,0,108811,1193,1,0
Grijalva,PUENTE NACIONAL,2022,AGOSTO,403350,18820,13564,1925,36,16071,10043,1588,20795,9499,394,81,13202,0,509368,3060,68,0
Usumacinta,PUENTE NACIONAL,2022,AGOSTO,100733,11378,4701,1114,4,5249,6888,830,14845,4095,361,50,10200,0,160448,1282,67,0
Cadereyta,PUENTE NACIONAL,2022,AGOSTO,122563,3299,273,41,0,8578,5121,1045,11332,4507,214,287,5392,0,162652,728,28,0
La Piedad,PUENTE NACIONAL,2022,AGOSTO,64897,1794,3731,1454,1,8422,8505,779,14320,2138,56,12,569,0,106678,451,0,0
Tecolutla,PUENTE NACIONAL,2022,AGOSTO,101714,13885,5192,851,9,4856,3745,449,6688,1539,34,13,1784,0,140759,661,1,0
San Juan,PUENTE NACIONAL,2022,AGOSTO,53948,202,547,160,0,3297,1870,288,5704,1135,53,112,10113,0,77429,1171,1118,0
Tampico,PUENTE NACIONAL,2022,AGOSTO,263097,2921,8011,2586,0,7004,3355,257,1215,303,25,2,1056,0,289832,970,0,0
Tlacotalpan,PUENTE NACIONAL,2022,AGOSTO,40073,4919,1146,51,0,1213,509,68,191,36,0,0,31,0,48237,336,0,0
Dovalí Jaime,PUENTE NACIONAL,2022,AGOSTO,234617,5215,7207,3785,25,23277,25913,4270,82754,14677,1286,551,43824,0,447401,2017,52,0
Dovalí Jaime Bis,PUENTE NACIONAL,2022,AGOSTO,20963,1713,139,2,0,902,190,11,68,70,0,0,13,0,24071,55,0,0
Refineria Lazaro Cárdenas,PUENTE NACIONAL,2022,AGOSTO,2963,26,80,12,0,162,161,21,116,38,3,2,101,0,3685,24,0,0
Matamoros,PÚENTE INTERNACIONAL,2022,AGOSTO,98925,246,0,0,0,81,2,5,0,0,0,0,0,0,99259,161,0,104990
Camargo,PÚENTE INTERNACIONAL,2022,AGOSTO,29721,93,0,0,0,74,123,4,1819,16,4,5,2336,0,34195,294,0,2771
Miguel Alemán,PÚENTE INTERNACIONAL,2022,AGOSTO,49217,39,8,25,1,110,114,38,2816,12,1,0,0,0,52381,222,0,15015
Reynosa,PÚENTE INTERNACIONAL,2022,AGOSTO,148848,304,327,663,2,93,9,11,0,0,0,0,0,0,150257,442,0,140797
   Línea Express,PÚENTE INTERNACIONAL,2022,AGOSTO,67788,0,0,0,0,0,0,0,0,0,0,0,0,0,67788,0,0,0
Las Flores,PÚENTE INTERNACIONAL,2022,AGOSTO,43881,38,0,0,0,61,129,52,727,511,37,9,2041,0,47486,140,35,79399
Ojinaga,PÚENTE INTERNACIONAL,2022,AGOSTO,53170,46,15,96,0,630,135,180,582,12,0,50,51,0,54967,1336,0,4335
Rodolfo Robles,PÚENTE INTERNACIONAL,2022,AGOSTO,6113,34983,66,73,0,30,0,0,0,0,0,0,0,8233,49498,4,0,34009
Piedras Negras,PÚENTE INTERNACIONAL,2022,AGOSTO,105697,161,1,0,0,203,2,3,2,0,0,0,0,0,106069,220,0,31731
Acuña,PÚENTE INTERNACIONAL,2022,AGOSTO,126113,385,0,0,1,1706,1015,166,4238,43,33,0,0,0,133700,873,0,6534
Laredo,PÚENTE INTERNACIONAL,2022,AGOSTO,0,0,0,0,0,0,0,0,0,0,0,0,0,0,0,0,0,201399
   Línea Express,PÚENTE INTERNACIONAL,2022,AGOSTO,111899,0,0,0,0,0,0,0,0,0,0,0,0,0,111899,0,0,0
Juárez-Lincoln,PÚENTE INTERNACIONAL,2022,AGOSTO,242377,1504,19,2625,0,350,11,48,1,0,0,0,1,0,246936,1635,1,0
Suchiate II,PÚENTE INTERNACIONAL,2022,AGOSTO,986,0,72,3,0,804,919,84,11374,1920,26,5,72,0,16265,41,214,0
Chapalilla - Compostela ,CAMINO,2022,SEPTIEMBRE,138276,2753,10023,2875,0,6517,5624,597,7339,3215,63,5,951,0,178238,1265,1,0
Cuauhtemoc-Osiris ,CAMINO,2022,SEPTIEMBRE,117937,679,4212,5872,0,12831,11844,3618,55195,10195,1549,124,22391,0,246447,2195,1,0
Culiacán,PUENTE NACIONAL,2022,SEPTIEMBRE,225404,3271,6603,556,17,7493,3801,522,6920,1772,2,1,584,0,256946,2741,0,0
Sinaloa,PUENTE NACIONAL,2022,SEPTIEMBRE,237120,2901,11720,4271,12,15691,11904,3544,58581,7723,1087,78,16641,0,371273,3773,14,0
Pánuco,PUENTE NACIONAL,2022,SEPTIEMBRE,122903,7566,7771,80,4,5003,2197,323,2547,1824,24,3,930,0,151175,793,7,0
Alvarado,PUENTE NACIONAL,2022,SEPTIEMBRE,98736,8220,6425,322,0,4963,3809,209,2654,1063,10,1,441,0,126853,745,0,0
Papaloapan,PUENTE NACIONAL,2022,SEPTIEMBRE,44310,10012,2607,103,11,4114,2562,127,1764,254,6,3,612,0,66485,525,4,0
Caracol,PUENTE NACIONAL,2022,SEPTIEMBRE,131334,19533,10588,203,1,7772,4777,442,4785,689,56,80,10091,0,190351,421,1,0
Nautla,PUENTE NACIONAL,2022,SEPTIEMBRE,64912,4547,3869,581,0,4457,3389,372,6608,1203,25,11,1646,0,91620,971,0,0
Grijalva,PUENTE NACIONAL,2022,SEPTIEMBRE,372835,17520,11788,1440,24,16341,9824,1424,19145,8562,400,72,12406,0,471781,3130,89,0
Usumacinta,PUENTE NACIONAL,2022,SEPTIEMBRE,81221,10320,3065,738,5,5302,6810,774,13733,3294,412,35,9571,0,135280,1262,13,0
Cadereyta,PUENTE NACIONAL,2022,SEPTIEMBRE,117661,3556,234,46,1,8637,5074,1223,10567,4055,255,330,4595,0,156234,707,29,0
La Piedad,PUENTE NACIONAL,2022,SEPTIEMBRE,64600,1709,3990,1060,1,7263,6295,527,8337,1181,17,4,252,0,95236,579,0,0
Tecolutla,PUENTE NACIONAL,2022,SEPTIEMBRE,81963,14194,4366,620,5,4348,3096,342,6416,1245,14,7,1527,0,118143,491,0,0
San Juan,PUENTE NACIONAL,2022,SEPTIEMBRE,51962,152,713,143,0,3004,1862,227,5493,1072,60,108,8080,0,72876,1173,990,0
Tampico,PUENTE NACIONAL,2022,SEPTIEMBRE,208696,3642,6866,2047,1,6448,2912,208,1236,285,33,3,1106,0,233483,874,10,0
Tlacotalpan,PUENTE NACIONAL,2022,SEPTIEMBRE,32125,3988,1072,4,1,1125,445,54,189,31,1,0,28,0,39063,544,0,0
Dovalí Jaime,PUENTE NACIONAL,2022,SEPTIEMBRE,191838,4605,6900,3718,20,21163,23836,3797,79080,13457,1249,526,40546,0,390735,1711,48,0
Dovalí Jaime Bis,PUENTE NACIONAL,2022,SEPTIEMBRE,17134,1508,154,0,0,727,146,3,54,96,3,0,7,0,19832,21,0,0
Refineria Lazaro Cárdenas,PUENTE NACIONAL,2022,SEPTIEMBRE,3547,101,80,11,0,129,143,6,110,28,1,5,77,0,4238,15,0,0
Matamoros,PÚENTE INTERNACIONAL,2022,SEPTIEMBRE,96655,281,0,0,0,65,4,2,0,0,0,0,0,0,97007,121,0,114397
Camargo,PÚENTE INTERNACIONAL,2022,SEPTIEMBRE,31324,71,0,0,0,83,122,6,1743,6,10,3,1837,0,35205,294,0,3309
Miguel Alemán,PÚENTE INTERNACIONAL,2022,SEPTIEMBRE,52530,47,8,23,1,113,96,36,2681,16,2,0,0,0,55553,221,0,18986
Reynosa,PÚENTE INTERNACIONAL,2022,SEPTIEMBRE,142511,290,234,707,2,85,13,7,1,0,0,0,0,0,143850,447,0,140331
   Línea Express,PÚENTE INTERNACIONAL,2022,SEPTIEMBRE,69275,0,0,0,0,0,0,0,0,0,0,0,0,0,69275,0,0,0
Las Flores,PÚENTE INTERNACIONAL,2022,SEPTIEMBRE,44465,35,0,0,0,74,119,38,709,444,26,28,1619,0,47557,136,10,87900
Ojinaga,PÚENTE INTERNACIONAL,2022,SEPTIEMBRE,50478,30,8,85,2,741,94,183,527,41,11,33,37,0,52270,1100,0,4798
Rodolfo Robles,PÚENTE INTERNACIONAL,2022,SEPTIEMBRE,5731,33715,37,51,0,80,3,0,0,0,0,0,0,8332,47949,1,0,32536
Piedras Negras,PÚENTE INTERNACIONAL,2022,SEPTIEMBRE,107807,188,2,0,0,211,0,3,0,0,0,0,0,0,108211,175,0,33478
Acuña,PÚENTE INTERNACIONAL,2022,SEPTIEMBRE,123947,414,1,0,0,1634,862,167,4064,34,28,0,0,0,131151,867,0,6753
Laredo,PÚENTE INTERNACIONAL,2022,SEPTIEMBRE,0,0,0,0,0,0,0,0,0,0,0,0,0,0,0,0,0,199824
   Línea Express,PÚENTE INTERNACIONAL,2022,SEPTIEMBRE,115448,0,0,0,0,0,0,0,0,0,0,0,0,0,115448,0,0,0
Juárez-Lincoln,PÚENTE INTERNACIONAL,2022,SEPTIEMBRE,239455,1447,9,2152,0,325,7,44,2,0,0,0,1,0,243442,1403,0,0
Suchiate II,PÚENTE INTERNACIONAL,2022,SEPTIEMBRE,1098,0,130,5,1,897,901,52,10229,1557,22,0,255,0,15147,32,170,0
Chapalilla - Compostela ,CAMINO,2022,OCTUBRE,131075,2953,11150,3547,0,6789,5544,580,7414,3294,67,8,850,0,173271,853,1,0
Cuauhtemoc-Osiris ,CAMINO,2022,OCTUBRE,128376,982,4454,6094,0,13729,11609,3381,59668,12038,1477,150,24742,0,266700,2752,1,0
Culiacán,PUENTE NACIONAL,2022,OCTUBRE,251858,3670,6742,551,12,8316,4855,576,7368,1555,5,4,555,0,286067,3227,0,0
Sinaloa,PUENTE NACIONAL,2022,OCTUBRE,252712,2612,12162,4558,24,17360,13432,3736,63243,7785,1073,80,17647,0,396424,3786,17,0
Pánuco,PUENTE NACIONAL,2022,OCTUBRE,131831,8904,8134,83,6,5083,2559,364,2771,1781,15,5,1010,0,162546,896,2,0
Alvarado,PUENTE NACIONAL,2022,OCTUBRE,106951,10025,6632,350,1,5247,3544,197,2513,1052,3,2,339,0,136856,1091,0,0
Papaloapan,PUENTE NACIONAL,2022,OCTUBRE,42028,9691,2881,108,14,4321,3289,146,2093,284,6,5,574,0,65440,713,5,0
Caracol,PUENTE NACIONAL,2022,OCTUBRE,140974,21739,10995,197,0,7718,4789,478,5039,690,53,73,11156,0,203901,513,6,0
Nautla,PUENTE NACIONAL,2022,OCTUBRE,62649,4053,3864,586,4,4631,3624,366,6867,1236,13,16,1890,0,89799,946,3,0
Grijalva,PUENTE NACIONAL,2022,OCTUBRE,398666,18785,11854,1485,27,17229,11502,1531,21436,9468,379,85,13366,0,505813,3129,53,0
Usumacinta,PUENTE NACIONAL,2022,OCTUBRE,85276,10426,3267,827,7,5454,7858,815,15325,3873,430,54,10889,0,144501,1230,0,0
Cadereyta,PUENTE NACIONAL,2022,OCTUBRE,124688,3513,334,28,0,8812,4891,1342,10788,4389,217,362,4915,0,164279,653,20,0
La Piedad,PUENTE NACIONAL,2022,OCTUBRE,69155,1808,3972,929,0,7425,6750,543,9462,1359,28,3,237,0,101671,561,0,0
Tecolutla,PUENTE NACIONAL,2022,OCTUBRE,78870,13126,4472,648,8,4789,3235,320,6642,1278,13,8,1659,0,115068,506,0,0
San Juan,PUENTE NACIONAL,2022,OCTUBRE,53738,191,732,152,0,3089,1683,314,5564,1102,73,92,7712,0,74442,1280,868,0
Tampico,PUENTE NACIONAL,2022,OCTUBRE,221201,5258,6759,2046,0,6611,3236,242,1326,302,28,3,1193,0,248205,906,3,0
Tlacotalpan,PUENTE NACIONAL,2022,OCTUBRE,35217,5410,1127,15,0,1197,417,62,170,33,0,0,22,0,43670,438,0,0
Dovalí Jaime,PUENTE NACIONAL,2022,OCTUBRE,194023,5314,6842,3752,12,22211,25929,4083,85432,14713,1295,508,43728,0,407842,1933,47,0
Dovalí Jaime Bis,PUENTE NACIONAL,2022,OCTUBRE,16365,1481,130,1,0,707,110,10,135,57,1,0,6,0,19003,9,0,0
Refineria Lazaro Cárdenas,PUENTE NACIONAL,2022,OCTUBRE,4476,137,76,17,1,176,122,9,107,47,2,6,117,0,5293,20,2,0
Matamoros,PÚENTE INTERNACIONAL,2022,OCTUBRE,97137,257,0,0,0,69,2,4,0,0,0,0,0,0,97469,122,0,139807
Camargo,PÚENTE INTERNACIONAL,2022,OCTUBRE,32451,45,0,0,0,68,106,3,1835,8,6,2,1524,0,36048,323,0,3471
Miguel Alemán,PÚENTE INTERNACIONAL,2022,OCTUBRE,54583,50,8,51,0,93,98,43,2739,15,2,0,0,0,57682,248,0,18855
Reynosa,PÚENTE INTERNACIONAL,2022,OCTUBRE,143533,332,240,796,0,97,16,14,0,0,0,0,0,0,145028,513,0,160267
   Línea Express,PÚENTE INTERNACIONAL,2022,OCTUBRE,70800,0,0,0,0,0,0,0,0,0,0,0,0,0,70800,0,0,0
Las Flores,PÚENTE INTERNACIONAL,2022,OCTUBRE,45700,61,0,0,0,77,113,40,1023,551,26,19,1736,0,49346,121,27,93090
Ojinaga,PÚENTE INTERNACIONAL,2022,OCTUBRE,53616,76,10,90,1,768,145,196,700,23,62,39,9,0,55735,1117,0,4079
Rodolfo Robles,PÚENTE INTERNACIONAL,2022,OCTUBRE,6161,36456,56,111,0,18,0,0,0,0,0,0,0,8403,51205,4,0,37600
Piedras Negras,PÚENTE INTERNACIONAL,2022,OCTUBRE,109955,157,1,0,0,195,1,2,0,0,0,0,0,0,110311,176,0,42021
Acuña,PÚENTE INTERNACIONAL,2022,OCTUBRE,131861,466,0,0,1,1821,806,157,3990,42,27,0,0,0,139171,980,0,7750
Laredo,PÚENTE INTERNACIONAL,2022,OCTUBRE,0,0,0,0,0,0,0,0,0,0,0,0,0,0,0,0,0,219777
   Línea Express,PÚENTE INTERNACIONAL,2022,OCTUBRE,117109,0,0,0,0,0,0,0,0,0,0,0,0,0,117109,0,0,0
Juárez-Lincoln,PÚENTE INTERNACIONAL,2022,OCTUBRE,237996,1507,22,2284,0,331,13,61,0,0,0,0,1,0,242215,1535,1,0
Suchiate II,PÚENTE INTERNACIONAL,2022,OCTUBRE,1300,0,111,17,0,1038,778,416,10282,1781,61,0,187,0,15971,42,118,0
Chapalilla - Compostela ,CAMINO,2022,NOVIEMBRE,134194,2440,10685,3229,0,7212,5747,607,7732,2958,70,8,1063,0,175945,925,0,0
Cuauhtemoc-Osiris ,CAMINO,2022,NOVIEMBRE,137597,748,5348,7300,0,14097,12076,3393,58500,11305,1570,168,22973,0,275075,2404,2,0
Culiacán,PUENTE NACIONAL,2022,NOVIEMBRE,249342,3507,6867,545,26,8267,4652,641,7322,1546,3,2,578,0,283298,2584,0,0
Sinaloa,PUENTE NACIONAL,2022,NOVIEMBRE,258187,2539,12886,4812,9,17372,13437,3206,62467,6797,1037,72,17798,0,400619,4158,20,0
Pánuco,PUENTE NACIONAL,2022,NOVIEMBRE,132149,7090,7874,143,6,5211,2399,274,2615,1610,14,8,1390,0,160783,831,55,0
Alvarado,PUENTE NACIONAL,2022,NOVIEMBRE,108180,8930,6884,389,4,5046,4111,241,2516,1053,2,4,188,0,137548,838,2,0
Papaloapan,PUENTE NACIONAL,2022,NOVIEMBRE,41300,9697,2796,71,15,4381,3362,121,2113,253,5,4,538,0,64656,1481,71,0
Caracol,PUENTE NACIONAL,2022,NOVIEMBRE,141537,21516,10823,207,0,7822,4909,492,5104,832,85,100,10522,0,203949,613,185,0
Nautla,PUENTE NACIONAL,2022,NOVIEMBRE,61550,3634,3848,577,3,4622,3514,385,6179,1066,18,18,1835,0,87249,904,1,0
Grijalva,PUENTE NACIONAL,2022,NOVIEMBRE,391537,17991,11501,1634,24,17125,12183,1449,21945,9304,508,80,13838,0,499119,2923,72,0
Usumacinta,PUENTE NACIONAL,2022,NOVIEMBRE,86921,10337,3386,813,4,5639,7596,768,16346,4205,513,54,11399,0,147981,1157,5,0
Cadereyta,PUENTE NACIONAL,2022,NOVIEMBRE,121246,3049,315,33,0,8617,5724,1352,10111,4058,231,445,4504,0,159685,657,33,0
La Piedad,PUENTE NACIONAL,2022,NOVIEMBRE,72905,1911,3917,954,2,7831,6847,581,9276,1501,17,1,268,0,106011,515,0,0
Tecolutla,PUENTE NACIONAL,2022,NOVIEMBRE,78922,12636,4378,613,1,4745,3543,345,5988,1130,19,13,1676,0,114009,507,0,0
San Juan,PUENTE NACIONAL,2022,NOVIEMBRE,50588,141,727,139,0,2808,1577,207,5397,684,29,57,7699,0,70053,987,651,0
Tampico,PUENTE NACIONAL,2022,NOVIEMBRE,234327,3181,6624,2057,0,6534,3333,241,1580,280,4,3,1077,0,259241,1079,0,0
Tlacotalpan,PUENTE NACIONAL,2022,NOVIEMBRE,34983,4742,1321,14,1,1275,607,53,149,75,0,0,23,0,43243,476,0,0
Dovalí Jaime,PUENTE NACIONAL,2022,NOVIEMBRE,181279,5142,7448,4012,20,21080,25011,4069,82825,14179,1332,500,43463,0,390360,1854,39,0
Dovalí Jaime Bis,PUENTE NACIONAL,2022,NOVIEMBRE,14336,1389,96,1,0,611,151,12,433,70,1,0,0,0,17100,22,0,0
Refineria Lazaro Cárdenas,PUENTE NACIONAL,2022,NOVIEMBRE,3975,51,62,3,0,231,167,10,156,59,0,20,730,0,5464,13,0,0
Matamoros,PÚENTE INTERNACIONAL,2022,NOVIEMBRE,93389,168,0,0,0,61,1,5,0,0,0,0,0,0,93624,162,0,127633
Camargo,PÚENTE INTERNACIONAL,2022,NOVIEMBRE,32354,36,0,0,0,40,121,2,1650,12,9,4,2021,0,36249,299,0,3033
Miguel Alemán,PÚENTE INTERNACIONAL,2022,NOVIEMBRE,53222,47,14,38,0,108,109,36,2881,7,0,0,0,0,56462,246,0,16360
Reynosa,PÚENTE INTERNACIONAL,2022,NOVIEMBRE,140930,243,194,794,1,93,29,9,0,0,0,0,0,0,142293,690,0,153803
   Línea Express,PÚENTE INTERNACIONAL,2022,NOVIEMBRE,62791,0,0,0,0,0,0,0,0,0,0,0,0,0,62791,0,0,0
Las Flores,PÚENTE INTERNACIONAL,2022,NOVIEMBRE,45668,29,0,0,0,65,109,31,1155,395,8,14,1329,0,48803,145,45,85942
Ojinaga,PÚENTE INTERNACIONAL,2022,NOVIEMBRE,53791,27,22,92,2,772,146,223,775,54,21,43,2,0,55970,1157,0,4786
Rodolfo Robles,PÚENTE INTERNACIONAL,2022,NOVIEMBRE,6897,38030,70,99,0,14,0,1,0,0,0,0,0,7884,52995,1,0,34601
Piedras Negras,PÚENTE INTERNACIONAL,2022,NOVIEMBRE,96188,82,0,0,0,146,0,7,1,0,0,0,0,0,96424,194,0,47414
Acuña,PÚENTE INTERNACIONAL,2022,NOVIEMBRE,129724,352,0,3,0,1735,843,177,3957,29,26,0,0,0,136846,985,0,6487
Laredo,PÚENTE INTERNACIONAL,2022,NOVIEMBRE,0,0,0,0,0,0,0,0,0,0,0,0,0,0,0,0,0,210495
   Línea Express,PÚENTE INTERNACIONAL,2022,NOVIEMBRE,101197,0,0,0,0,0,0,0,0,0,0,0,0,0,101197,0,0,0
Juárez-Lincoln,PÚENTE INTERNACIONAL,2022,NOVIEMBRE,232832,1214,18,2404,0,394,16,60,0,0,0,0,0,0,236938,1784,0,0
Suchiate II,PÚENTE INTERNACIONAL,2022,NOVIEMBRE,1296,0,167,6,0,816,801,70,8351,1351,18,0,51,0,12927,34,159,0
Chapalilla - Compostela ,CAMINO,2022,DICIEMBRE,164825,2100,10976,2994,0,7301,6034,625,8269,3021,95,11,2237,0,208488,867,1,0
Cuauhtemoc-Osiris ,CAMINO,2022,DICIEMBRE,169807,588,5823,8096,0,14048,11377,3498,54584,10664,1942,169,23787,0,304383,3195,2,0
Culiacán,PUENTE NACIONAL,2022,DICIEMBRE,283450,3452,7424,707,14,8758,4452,481,7465,1344,2,0,657,0,318206,2690,0,0
Sinaloa,PUENTE NACIONAL,2022,DICIEMBRE,341776,2101,15665,5473,16,17803,13804,3440,63822,6582,1114,84,19984,0,491664,5274,10,0
Pánuco,PUENTE NACIONAL,2022,DICIEMBRE,155452,7303,9041,360,1,5595,2839,315,3142,1845,26,11,1910,0,187840,1206,66,0
Alvarado,PUENTE NACIONAL,2022,DICIEMBRE,140981,9467,8043,636,1,5062,5906,267,2979,1308,10,4,347,0,175011,885,0,0
Papaloapan,PUENTE NACIONAL,2022,DICIEMBRE,54659,11134,3152,178,7,4124,3816,131,2598,541,2,4,708,0,81054,5691,469,0
Caracol,PUENTE NACIONAL,2022,DICIEMBRE,167666,24513,11872,363,2,8429,5629,622,5688,1062,72,105,10896,0,236919,1955,918,0
Nautla,PUENTE NACIONAL,2022,DICIEMBRE,75444,4136,4805,464,1,5013,3546,349,6274,1092,22,18,1821,0,102985,1000,1,0
Grijalva,PUENTE NACIONAL,2022,DICIEMBRE,455370,20245,12813,2289,29,17965,12712,1603,22002,9890,476,74,14789,0,570257,3332,77,0
Usumacinta,PUENTE NACIONAL,2022,DICIEMBRE,105773,11848,4955,1299,8,5638,8469,907,16265,4404,551,55,12457,0,172629,1307,45,0
Cadereyta,PUENTE NACIONAL,2022,DICIEMBRE,139817,3189,300,65,0,8489,6147,1103,10864,4687,330,377,4476,0,179844,743,29,0
La Piedad,PUENTE NACIONAL,2022,DICIEMBRE,85986,2031,4038,1025,0,7831,6204,610,8754,1464,25,5,246,0,118219,696,1,0
Tecolutla,PUENTE NACIONAL,2022,DICIEMBRE,97766,14107,5454,472,7,4983,3529,333,6033,1130,16,8,1678,0,135516,577,0,0
San Juan,PUENTE NACIONAL,2022,DICIEMBRE,53564,117,592,123,0,2972,1632,248,5050,820,45,95,6716,0,71974,1157,609,0
Tampico,PUENTE NACIONAL,2022,DICIEMBRE,302094,3175,9262,2894,0,7288,3638,250,1782,343,16,4,1179,0,331925,1224,0,0
Tlacotalpan,PUENTE NACIONAL,2022,DICIEMBRE,44818,4509,1380,22,0,1232,510,43,222,32,0,0,36,0,52804,466,0,0
Dovalí Jaime,PUENTE NACIONAL,2022,DICIEMBRE,253499,5366,8732,4316,16,23041,26256,4525,86180,14492,1301,551,45409,0,473684,1868,92,0
Dovalí Jaime Bis,PUENTE NACIONAL,2022,DICIEMBRE,16455,1540,183,3,0,727,219,45,788,152,6,0,11,0,20129,18,0,0
Refineria Lazaro Cárdenas,PUENTE NACIONAL,2022,DICIEMBRE,3417,31,36,1,0,252,141,16,220,147,6,39,935,0,5241,17,0,0
Matamoros,PÚENTE INTERNACIONAL,2022,DICIEMBRE,101366,204,0,0,0,83,4,1,0,0,0,0,0,0,101658,189,0,143439
Camargo,PÚENTE INTERNACIONAL,2022,DICIEMBRE,35919,36,0,0,0,61,104,6,1493,4,12,2,1446,0,39083,341,0,2812
Miguel Alemán,PÚENTE INTERNACIONAL,2022,DICIEMBRE,56216,37,6,55,0,129,87,29,2785,16,0,0,0,0,59360,315,0,17538
Reynosa,PÚENTE INTERNACIONAL,2022,DICIEMBRE,153566,303,161,925,0,82,11,8,0,0,0,0,0,0,155056,806,0,166466
   Línea Express,PÚENTE INTERNACIONAL,2022,DICIEMBRE,66224,0,0,0,0,0,0,0,0,0,0,0,0,0,66224,0,0,0
Las Flores,PÚENTE INTERNACIONAL,2022,DICIEMBRE,51165,67,0,0,0,92,130,12,713,513,12,5,1656,0,54365,133,63,111963
Ojinaga,PÚENTE INTERNACIONAL,2022,DICIEMBRE,55920,17,18,121,5,773,139,144,735,27,23,39,0,0,57961,1101,0,5500
Rodolfo Robles,PÚENTE INTERNACIONAL,2022,DICIEMBRE,8712,43936,91,70,0,29,0,0,0,0,0,0,0,8787,61625,8,0,39713
Piedras Negras,PÚENTE INTERNACIONAL,2022,DICIEMBRE,97525,84,2,0,0,174,0,4,1,0,0,0,0,0,97790,186,0,54962
Acuña,PÚENTE INTERNACIONAL,2022,DICIEMBRE,132488,330,0,0,0,1630,717,157,3202,17,24,0,1,0,138566,936,1,7104
Laredo,PÚENTE INTERNACIONAL,2022,DICIEMBRE,0,0,0,0,0,0,0,0,0,0,0,0,0,0,0,0,0,229513
   Línea Express,PÚENTE INTERNACIONAL,2022,DICIEMBRE,89396,0,0,0,0,0,0,0,0,0,0,0,0,0,89396,0,0,0
Juárez-Lincoln,PÚENTE INTERNACIONAL,2022,DICIEMBRE,248696,957,17,3120,0,426,19,66,1,0,0,0,0,0,253302,1887,0,0
Suchiate II,PÚENTE INTERNACIONAL,2022,DICIEMBRE,1781,0,148,4,0,1129,1050,151,11074,1858,37,1,67,0,17300,84,190,0
Chapalilla - Compostela ,CAMINO,2023,ENERO,137969,2531,8300,1840,0,6698,6080,612,7722,3218,96,2,1874,0,176942,867,0,0
Cuauhtemoc-Osiris ,CAMINO,2023,ENERO,136476,668,4450,6302,0,12770,10367,3391,54052,10512,1761,164,23653,0,264566,2310,1,0
Culiacán,PUENTE NACIONAL,2023,ENERO,206521,2642,6233,473,21,6417,3595,418,6235,1185,1,2,549,0,234292,1829,0,0
Sinaloa,PUENTE NACIONAL,2023,ENERO,266591,1777,15544,4986,20,14461,12257,3343,62732,6552,1041,57,22009,0,411370,4175,2,0
Pánuco,PUENTE NACIONAL,2023,ENERO,143658,7751,8629,273,5,5105,2585,335,3515,2077,24,12,2043,0,176012,956,64,0
Alvarado,PUENTE NACIONAL,2023,ENERO,126985,9970,7356,564,3,4583,6139,229,2833,1221,14,1,494,0,160392,898,0,0
Papaloapan,PUENTE NACIONAL,2023,ENERO,51446,10976,3116,112,11,3950,4968,117,2589,613,7,8,971,0,78884,7750,562,0
Caracol,PUENTE NACIONAL,2023,ENERO,146488,22786,11083,312,0,7331,5196,518,5306,1190,67,80,10118,0,210475,2931,843,0
Nautla,PUENTE NACIONAL,2023,ENERO,70888,4272,4553,390,3,4440,3380,301,6241,1116,11,16,1705,0,97316,872,6,0
Grijalva,PUENTE NACIONAL,2023,ENERO,418762,19098,12138,2448,35,16418,10516,1553,20399,9814,458,88,15414,0,527141,3315,120,0
Usumacinta,PUENTE NACIONAL,2023,ENERO,94461,10581,4600,1182,5,5203,8642,896,15604,4749,484,63,12718,0,159188,1368,71,0
Cadereyta,PUENTE NACIONAL,2023,ENERO,132189,3199,278,28,0,7789,5352,1219,11152,4920,327,260,4587,0,171300,816,43,0
La Piedad,PUENTE NACIONAL,2023,ENERO,81053,1932,4283,994,2,7047,6376,577,8637,1668,22,10,232,0,112833,570,0,0
Tecolutla,PUENTE NACIONAL,2023,ENERO,90746,13673,5086,411,2,4742,3591,310,6257,1216,16,15,1610,0,127675,445,7,0
San Juan,PUENTE NACIONAL,2023,ENERO,52147,161,613,136,0,2916,1506,206,5248,776,68,93,7753,0,71623,1140,880,0
Tampico,PUENTE NACIONAL,2023,ENERO,275471,2986,8715,2602,2,6588,3438,267,1443,272,16,3,961,0,302764,892,0,0
Tlacotalpan,PUENTE NACIONAL,2023,ENERO,43496,4910,1357,10,0,1138,643,46,422,45,1,1,28,0,52097,661,0,0
Dovalí Jaime,PUENTE NACIONAL,2023,ENERO,218106,5255,7938,3613,21,20074,24742,4182,80326,15664,1230,646,46189,0,427986,1652,110,0
Dovalí Jaime Bis,PUENTE NACIONAL,2023,ENERO,15466,1660,106,1,0,587,135,17,810,68,3,0,35,0,18888,16,0,0
Refineria Lazaro Cárdenas,PUENTE NACIONAL,2023,ENERO,2231,29,8,0,0,129,121,10,120,74,1,115,1052,0,3890,6,0,0
Matamoros,PÚENTE INTERNACIONAL,2023,ENERO,96009,231,0,0,0,78,1,5,0,0,0,0,1,0,96325,261,1,134243
Camargo,PÚENTE INTERNACIONAL,2023,ENERO,32602,49,0,0,0,51,113,2,1625,5,17,3,1551,0,36018,336,0,2680
Miguel Alemán,PÚENTE INTERNACIONAL,2023,ENERO,54688,48,3,58,1,128,60,30,2883,17,1,0,0,0,57917,305,0,17198
Reynosa,PÚENTE INTERNACIONAL,2023,ENERO,158525,239,113,848,2,98,12,7,0,0,0,0,0,0,159844,631,0,168159
   Línea Express,PÚENTE INTERNACIONAL,2023,ENERO,58226,0,0,0,0,0,0,0,0,0,0,0,0,0,58226,0,0,0
Las Flores,PÚENTE INTERNACIONAL,2023,ENERO,48708,40,0,0,0,106,162,21,1033,493,10,9,1624,0,52206,159,141,118875
Ojinaga,PÚENTE INTERNACIONAL,2023,ENERO,58062,88,25,98,3,806,153,197,749,21,39,4,1,0,60246,1697,0,5447
Rodolfo Robles,PÚENTE INTERNACIONAL,2023,ENERO,6555,37028,62,71,0,19,1,0,0,0,0,0,0,7747,51483,4,0,35523
Piedras Negras,PÚENTE INTERNACIONAL,2023,ENERO,105164,100,1,0,0,209,0,3,0,0,0,0,0,0,105477,356,0,45882
Acuña,PÚENTE INTERNACIONAL,2023,ENERO,133961,333,0,0,1,1746,825,183,3665,23,33,0,0,0,140770,1342,0,7092
Laredo,PÚENTE INTERNACIONAL,2023,ENERO,0,0,0,0,0,0,0,0,0,0,0,0,0,0,0,0,0,214100
   Línea Express,PÚENTE INTERNACIONAL,2023,ENERO,66098,0,0,0,0,0,0,0,0,0,0,0,0,0,66098,0,0,0
Juárez-Lincoln,PÚENTE INTERNACIONAL,2023,ENERO,249592,1043,24,2763,0,502,22,88,2,0,1,0,1,0,254038,3167,1,0
Suchiate II,PÚENTE INTERNACIONAL,2023,ENERO,773,0,70,6,0,634,672,42,9861,1767,24,0,61,0,13910,31,241,0
Chapalilla - Compostela ,CAMINO,2023,FEBRERO,124765,2251,7549,1626,8,6446,5386,632,6621,2843,66,3,1275,0,159471,912,0,0
Cuauhtemoc-Osiris ,CAMINO,2023,FEBRERO,117055,774,4050,5640,0,12937,9902,3313,52392,10469,1968,141,23062,0,241703,2030,0,0
Culiacán,PUENTE NACIONAL,2023,FEBRERO,214316,3260,6655,479,7,6791,4150,428,7596,1254,2,1,595,0,245534,2075,0,0
Sinaloa,PUENTE NACIONAL,2023,FEBRERO,238074,2005,13372,4241,18,14239,12861,3600,63987,6596,982,52,20656,0,380683,3698,23,0
Pánuco,PUENTE NACIONAL,2023,FEBRERO,121402,6754,7397,77,5,4746,2488,282,2777,1781,15,12,1757,0,149493,1117,80,0
Alvarado,PUENTE NACIONAL,2023,FEBRERO,107949,9043,6454,399,3,4268,5052,217,2733,1123,19,3,801,0,138064,923,0,0
Papaloapan,PUENTE NACIONAL,2023,FEBRERO,40724,9677,2514,60,6,3465,4668,126,2590,702,8,7,985,0,65532,6773,415,0
Caracol,PUENTE NACIONAL,2023,FEBRERO,130194,20933,10065,177,0,7150,4949,487,5348,1235,38,39,9915,0,190530,2441,1044,0
Nautla,PUENTE NACIONAL,2023,FEBRERO,60876,3668,3688,257,1,4247,3046,398,6038,1126,23,11,1486,0,84865,915,6,0
Grijalva,PUENTE NACIONAL,2023,FEBRERO,368344,17186,10188,1945,22,15460,9842,1601,19960,9523,561,87,14720,0,469439,2826,123,0
Usumacinta,PUENTE NACIONAL,2023,FEBRERO,77316,9340,3187,750,8,4770,6207,1005,15547,5284,580,60,12754,0,136808,1194,68,0
Cadereyta,PUENTE NACIONAL,2023,FEBRERO,123144,2768,275,21,0,7447,5044,1050,10172,4154,295,277,4130,0,158777,602,23,0
La Piedad,PUENTE NACIONAL,2023,FEBRERO,68489,1726,3664,957,1,6738,6110,606,8370,1582,23,8,198,0,98472,550,0,0
Tecolutla,PUENTE NACIONAL,2023,FEBRERO,78186,13191,4157,305,0,4464,3554,392,5937,1205,16,8,1396,0,112811,494,4,0
San Juan,PUENTE NACIONAL,2023,FEBRERO,48558,176,544,201,0,2849,1776,213,4966,809,71,81,7023,0,67267,1097,873,0
Tampico,PUENTE NACIONAL,2023,FEBRERO,324451,2874,6388,1903,0,6230,3073,269,1469,245,7,5,944,0,347858,1014,6,0
Tlacotalpan,PUENTE NACIONAL,2023,FEBRERO,41667,5197,1354,63,1,1047,1060,33,448,62,1,0,16,0,50949,671,0,0
Dovalí Jaime,PUENTE NACIONAL,2023,FEBRERO,174696,4339,5793,2834,18,19662,23381,4087,78148,15363,1271,515,43206,0,373313,1713,204,0
Dovalí Jaime Bis,PUENTE NACIONAL,2023,FEBRERO,12925,1580,67,0,0,570,106,38,630,74,0,0,10,0,16000,18,0,0
Refineria Lazaro Cárdenas,PUENTE NACIONAL,2023,FEBRERO,2168,35,3,1,0,112,104,10,120,78,3,97,873,0,3604,14,0,0
Matamoros,PÚENTE INTERNACIONAL,2023,FEBRERO,94828,201,0,0,0,49,0,5,0,0,0,0,0,0,95083,167,0,126333
Camargo,PÚENTE INTERNACIONAL,2023,FEBRERO,30594,43,0,0,0,39,97,4,1452,4,20,1,1588,0,33842,351,0,2589
Miguel Alemán,PÚENTE INTERNACIONAL,2023,FEBRERO,51763,37,7,57,0,136,94,15,2603,8,1,0,0,0,54721,257,0,16667
Reynosa,PÚENTE INTERNACIONAL,2023,FEBRERO,137519,211,88,753,2,85,16,7,0,0,0,0,2,0,138683,436,0,162282
   Línea Express,PÚENTE INTERNACIONAL,2023,FEBRERO,60434,0,0,0,0,0,0,0,0,0,0,0,0,0,60434,0,0,0
Las Flores,PÚENTE INTERNACIONAL,2023,FEBRERO,45171,46,0,0,0,73,192,13,1159,462,19,11,1527,0,48673,123,98,118598
Ojinaga,PÚENTE INTERNACIONAL,2023,FEBRERO,49033,120,15,72,3,655,157,157,622,22,6,39,0,0,50901,822,0,3250
Rodolfo Robles,PÚENTE INTERNACIONAL,2023,FEBRERO,5994,36155,69,78,0,14,0,0,0,0,0,0,0,7261,49571,5,0,31581
Piedras Negras,PÚENTE INTERNACIONAL,2023,FEBRERO,95690,103,0,0,0,186,1,2,0,0,0,0,0,0,95982,197,0,38742
Acuña,PÚENTE INTERNACIONAL,2023,FEBRERO,124702,328,0,0,0,1608,735,162,3493,34,19,0,0,0,131081,889,0,5654
Laredo,PÚENTE INTERNACIONAL,2023,FEBRERO,0,0,0,0,0,0,0,0,0,0,0,0,0,0,0,0,0,197444
   Línea Express,PÚENTE INTERNACIONAL,2023,FEBRERO,57528,0,0,0,0,0,0,0,0,0,0,0,0,0,57528,0,0,0
Juárez-Lincoln,PÚENTE INTERNACIONAL,2023,FEBRERO,218616,1067,32,1968,0,330,8,65,5,0,0,0,0,0,222091,1502,0,0
Suchiate II,PÚENTE INTERNACIONAL,2023,FEBRERO,1287,0,118,7,0,743,783,80,9358,1877,27,2,48,0,14330,24,216,0
Chapalilla - Compostela ,CAMINO,2023,MARZO,150632,2405,8987,1863,2,7775,6030,671,7574,3018,91,5,1327,0,190380,1063,0,0
Cuauhtemoc-Osiris ,CAMINO,2023,MARZO,132776,729,4660,6575,0,14933,10913,3616,60413,11808,2054,200,25661,0,274338,2525,0,0
Culiacán,PUENTE NACIONAL,2023,MARZO,244147,3290,7271,534,30,8040,4476,538,8895,1628,6,3,803,0,279661,2558,2,0
Sinaloa,PUENTE NACIONAL,2023,MARZO,272858,2054,13957,4768,18,17062,14886,3728,72394,7647,1184,80,23037,0,433673,4665,10,0
Pánuco,PUENTE NACIONAL,2023,MARZO,133778,7721,8295,87,12,5288,2857,311,3033,2046,33,11,1847,0,165319,1271,59,0
Alvarado,PUENTE NACIONAL,2023,MARZO,118408,10408,7209,433,4,5109,5212,224,3285,1297,8,1,678,0,152276,1039,1,0
Papaloapan,PUENTE NACIONAL,2023,MARZO,46016,11442,2897,110,9,4309,4982,123,2639,605,7,5,636,0,73780,6458,287,0
Caracol,PUENTE NACIONAL,2023,MARZO,144500,23366,11368,240,0,8140,5888,365,5961,1356,54,62,11280,0,212580,2984,1548,0
Nautla,PUENTE NACIONAL,2023,MARZO,71001,4300,3756,328,0,4748,3492,460,6998,1308,31,7,1713,0,98142,1045,1,0
Grijalva,PUENTE NACIONAL,2023,MARZO,420107,20473,11809,2387,22,17834,11685,2100,24145,12046,732,139,18303,0,541782,3640,158,0
Usumacinta,PUENTE NACIONAL,2023,MARZO,86533,11811,3537,883,4,5619,6609,1178,18205,6005,685,97,16043,0,157209,1538,97,0
Cadereyta,PUENTE NACIONAL,2023,MARZO,136418,3396,321,68,0,8252,5709,1414,11200,5559,285,288,5032,0,177942,996,24,0
La Piedad,PUENTE NACIONAL,2023,MARZO,73860,1926,4056,1069,0,7795,7085,642,9929,1751,27,13,244,0,108397,572,0,0
Tecolutla,PUENTE NACIONAL,2023,MARZO,94045,15068,4511,458,6,5072,3614,486,6930,1389,17,6,1516,0,133118,657,0,0
San Juan,PUENTE NACIONAL,2023,MARZO,53788,233,705,224,0,3261,1782,311,5440,949,88,113,8328,0,75222,1319,1039,0
Tampico,PUENTE NACIONAL,2023,MARZO,365375,3218,7307,2101,0,7463,3609,251,1832,293,14,10,1320,0,392793,1245,5,0
Tlacotalpan,PUENTE NACIONAL,2023,MARZO,38358,4500,1403,24,0,1528,2223,70,660,69,1,0,23,0,48859,650,0,0
Dovalí Jaime,PUENTE NACIONAL,2023,MARZO,199115,5535,7615,3536,16,22684,27014,4979,88909,17932,1476,644,49553,0,429008,1920,188,0
Dovalí Jaime Bis,PUENTE NACIONAL,2023,MARZO,16266,1749,68,1,0,609,141,40,1195,168,5,0,18,0,20260,25,3,0
Refineria Lazaro Cárdenas,PUENTE NACIONAL,2023,MARZO,2518,70,9,0,0,179,140,14,221,58,2,1,91,0,3303,6,0,0
Matamoros,PÚENTE INTERNACIONAL,2023,MARZO,104711,292,1,0,0,34,0,3,0,0,0,0,1,0,105042,177,1,139741
Camargo,PÚENTE INTERNACIONAL,2023,MARZO,33758,54,0,0,0,53,155,2,1435,4,18,1,1990,0,37470,334,0,2874
Miguel Alemán,PÚENTE INTERNACIONAL,2023,MARZO,56719,56,12,79,0,149,122,23,2875,19,1,0,0,0,60055,345,0,17548
Reynosa,PÚENTE INTERNACIONAL,2023,MARZO,150170,267,137,904,2,104,14,8,0,0,0,0,0,0,151606,594,0,182084
   Línea Express,PÚENTE INTERNACIONAL,2023,MARZO,67873,0,0,0,0,0,0,0,0,0,0,0,0,0,67873,0,0,0
Las Flores,PÚENTE INTERNACIONAL,2023,MARZO,49692,70,0,0,0,89,157,20,1354,555,17,6,2330,0,54290,129,158,120771
Ojinaga,PÚENTE INTERNACIONAL,2023,MARZO,57465,65,28,97,1,738,169,198,571,15,44,44,0,0,59435,1373,0,4371
Rodolfo Robles,PÚENTE INTERNACIONAL,2023,MARZO,6670,40106,87,99,0,20,1,0,0,0,0,0,0,7716,54699,7,0,34508
Piedras Negras,PÚENTE INTERNACIONAL,2023,MARZO,105198,131,0,0,0,207,0,2,0,0,0,0,0,0,105538,224,0,47455
Acuña,PÚENTE INTERNACIONAL,2023,MARZO,138178,471,1,0,0,1816,860,202,4163,67,4,0,0,0,145762,1084,0,6482
Laredo,PÚENTE INTERNACIONAL,2023,MARZO,0,0,0,0,0,0,0,0,0,0,0,0,0,0,0,0,0,231351
   Línea Express,PÚENTE INTERNACIONAL,2023,MARZO,63396,0,0,0,0,0,0,0,0,0,0,0,0,0,63396,0,0,0
Juárez-Lincoln,PÚENTE INTERNACIONAL,2023,MARZO,241979,1351,31,2534,0,409,15,67,3,0,0,0,0,0,246389,1611,0,0
Suchiate II,PÚENTE INTERNACIONAL,2023,MARZO,1696,0,162,6,0,1090,948,97,11497,2078,33,4,49,0,17660,80,222,0
Chapalilla - Compostela ,CAMINO,2023,ABRIL,213706,2592,11225,2970,17,6702,5339,583,7205,2946,90,7,1213,0,254595,1100,0,0
Cuauhtemoc-Osiris ,CAMINO,2023,ABRIL,150820,1501,5047,6877,0,13585,10245,3623,55585,10784,2092,164,24699,0,285022,2561,0,0
Culiacán,PUENTE NACIONAL,2023,ABRIL,240027,3921,6518,550,10,6780,3750,478,7575,1519,2,3,559,0,271692,2651,0,0
Sinaloa,PUENTE NACIONAL,2023,ABRIL,295139,2914,12893,4997,22,14966,13065,3070,64191,6583,1228,80,20758,0,439906,6082,5,0
Pánuco,PUENTE NACIONAL,2023,ABRIL,138663,7512,8259,221,4,4692,2549,269,2695,1829,24,2,1571,0,168290,1119,42,0
Alvarado,PUENTE NACIONAL,2023,ABRIL,141641,10843,7802,549,7,4385,5048,196,2855,1196,9,3,327,0,174861,933,1,0
Papaloapan,PUENTE NACIONAL,2023,ABRIL,47058,11367,2953,125,6,4045,4802,155,2463,460,8,4,510,0,73956,4670,260,0
Caracol,PUENTE NACIONAL,2023,ABRIL,145964,22300,11380,245,0,7346,5261,351,5469,1263,41,65,10742,0,210427,2490,1294,0
Nautla,PUENTE NACIONAL,2023,ABRIL,83350,4320,3166,356,2,4354,3331,424,6377,1114,22,0,1513,0,108329,973,2,0
Grijalva,PUENTE NACIONAL,2023,ABRIL,422028,19852,12119,2544,28,16188,10848,2060,22636,11705,699,139,18235,0,539081,3296,165,0
Usumacinta,PUENTE NACIONAL,2023,ABRIL,100451,11502,4300,1170,9,5002,6611,1233,16998,6446,665,103,15185,0,169675,1413,101,0
Cadereyta,PUENTE NACIONAL,2023,ABRIL,136735,3608,301,66,2,7516,5084,1301,10781,5267,228,268,4503,0,175660,998,50,0
La Piedad,PUENTE NACIONAL,2023,ABRIL,69373,1991,3819,1183,0,6927,6457,649,9225,1475,32,14,315,0,101460,499,0,0
Tecolutla,PUENTE NACIONAL,2023,ABRIL,110805,13449,4165,512,8,4419,3007,443,6335,1182,18,4,1320,0,145667,510,3,0
San Juan,PUENTE NACIONAL,2023,ABRIL,52080,239,479,226,0,2955,1590,236,4896,708,39,68,7222,0,70738,1181,709,0
Tampico,PUENTE NACIONAL,2023,ABRIL,389871,3236,8184,2551,1,6925,3533,241,1830,315,17,1,1466,0,418171,1363,32,0
Tlacotalpan,PUENTE NACIONAL,2023,ABRIL,43989,4439,1374,37,1,1079,1309,16,539,57,1,0,13,0,52854,387,0,0
Dovalí Jaime,PUENTE NACIONAL,2023,ABRIL,221681,5733,8282,3889,21,20495,24509,5047,82762,17294,1450,747,48018,0,439928,1789,174,0
Dovalí Jaime Bis,PUENTE NACIONAL,2023,ABRIL,14199,1579,67,5,0,467,125,34,894,67,9,0,6,0,17452,31,0,0
Refineria Lazaro Cárdenas,PUENTE NACIONAL,2023,ABRIL,2883,67,19,3,0,148,225,13,197,53,2,3,79,0,3692,19,0,0
Matamoros,PÚENTE INTERNACIONAL,2023,ABRIL,105567,251,0,0,0,77,0,3,0,0,0,0,0,0,105898,201,0,136913
Camargo,PÚENTE INTERNACIONAL,2023,ABRIL,33380,32,0,0,0,48,107,7,1429,12,22,5,1876,0,36918,332,0,2893
Miguel Alemán,PÚENTE INTERNACIONAL,2023,ABRIL,55664,48,10,75,0,130,109,31,2670,8,0,0,0,0,58745,301,0,17705
Reynosa,PÚENTE INTERNACIONAL,2023,ABRIL,151626,259,185,867,0,88,5,5,2,0,0,0,0,0,153037,494,0,177097
   Línea Express,PÚENTE INTERNACIONAL,2023,ABRIL,65248,0,0,0,0,0,0,0,0,0,0,0,0,0,65248,0,0,0
Las Flores,PÚENTE INTERNACIONAL,2023,ABRIL,46819,50,0,0,0,74,97,20,872,520,16,7,1389,0,49864,156,53,93232
Ojinaga,PÚENTE INTERNACIONAL,2023,ABRIL,57866,46,34,112,4,755,152,179,515,32,15,38,0,0,59748,1466,0,4545
Rodolfo Robles,PÚENTE INTERNACIONAL,2023,ABRIL,6800,36272,59,49,1,7,1,1,0,0,0,0,0,7274,50464,6,0,31087
Piedras Negras,PÚENTE INTERNACIONAL,2023,ABRIL,108089,149,5,0,0,193,1,1,0,0,0,0,0,0,108438,178,0,43665
Acuña,PÚENTE INTERNACIONAL,2023,ABRIL,136140,459,1,1,0,1733,706,182,3700,42,2,1,0,0,142967,1037,0,6740
Laredo,PÚENTE INTERNACIONAL,2023,ABRIL,0,0,0,0,0,0,0,0,0,0,0,0,0,0,0,0,0,220810
   Línea Express,PÚENTE INTERNACIONAL,2023,ABRIL,66013,0,0,0,0,0,0,0,0,0,0,0,0,0,66013,0,0,0
Juárez-Lincoln,PÚENTE INTERNACIONAL,2023,ABRIL,249643,1258,13,2476,0,314,11,57,3,0,0,0,0,0,253775,1463,0,0
Suchiate II,PÚENTE INTERNACIONAL,2023,ABRIL,1176,0,110,2,0,720,820,67,9446,1603,19,0,51,0,14014,38,335,0
Chapalilla - Compostela ,CAMINO,2023,MAYO,166135,2494,11928,3291,7,7220,5777,779,7831,3263,81,5,1065,0,209876,876,0,0
Cuauhtemoc-Osiris ,CAMINO,2023,MAYO,142664,848,4711,6729,0,15277,11806,3849,61401,12126,1970,148,26222,0,287751,2717,0,0
Culiacán,PUENTE NACIONAL,2023,MAYO,244677,3567,6962,551,23,7915,3938,588,7716,1680,1,5,629,0,278252,2322,1,0
Sinaloa,PUENTE NACIONAL,2023,MAYO,260882,1982,12946,4936,24,15960,12653,3303,65321,6983,1186,82,19397,0,405655,4104,16,0
Pánuco,PUENTE NACIONAL,2023,MAYO,137203,8663,8174,103,8,4912,3009,293,2839,1964,42,4,1332,0,168546,1032,25,0
Alvarado,PUENTE NACIONAL,2023,MAYO,126313,11632,7900,531,1,4952,4493,226,2697,1337,26,9,528,0,160645,845,0,0
Papaloapan,PUENTE NACIONAL,2023,MAYO,51300,12213,3697,182,4,4505,4351,166,2431,434,6,4,690,0,79983,1958,32,0
Caracol,PUENTE NACIONAL,2023,MAYO,144303,24409,11300,280,0,7574,5665,355,5892,1162,65,88,10984,0,212077,1660,886,0
Nautla,PUENTE NACIONAL,2023,MAYO,76295,4793,3122,328,6,5100,3379,470,6687,1174,26,12,1620,0,103012,1123,3,0
Grijalva,PUENTE NACIONAL,2023,MAYO,417229,20389,12449,2169,29,17675,13382,2193,24720,12441,898,155,20614,0,544343,3575,298,0
Usumacinta,PUENTE NACIONAL,2023,MAYO,89801,12570,3588,901,3,5787,7314,1187,17767,6478,841,108,16058,0,162403,1428,226,0
Cadereyta,PUENTE NACIONAL,2023,MAYO,144659,4343,384,24,1,8806,5537,1176,11812,6021,95,110,5829,0,188797,829,1,0
La Piedad,PUENTE NACIONAL,2023,MAYO,72940,2221,3738,1005,1,7546,6899,725,9972,1708,18,9,346,0,107128,525,0,0
Tecolutla,PUENTE NACIONAL,2023,MAYO,98003,15171,4066,560,5,4748,3286,534,6552,1292,19,11,1397,0,135644,611,3,0
San Juan,PUENTE NACIONAL,2023,MAYO,49682,261,612,231,0,3211,1741,242,5293,832,45,104,9136,0,71390,1127,1015,0
Tampico,PUENTE NACIONAL,2023,MAYO,265450,3394,7719,2192,1,7267,3700,221,1862,275,14,4,1809,0,293908,1133,0,0
Tlacotalpan,PUENTE NACIONAL,2023,MAYO,39928,5163,1450,41,1,1193,1020,29,370,59,0,1,37,0,49292,445,0,0
Dovalí Jaime,PUENTE NACIONAL,2023,MAYO,200629,5890,7012,3292,15,22393,26308,5340,89560,19068,1760,670,50004,0,431941,1832,236,0
Dovalí Jaime Bis,PUENTE NACIONAL,2023,MAYO,16716,1791,25,1,0,644,114,24,1126,25,2,0,18,0,20486,6,0,0
Refineria Lazaro Cárdenas,PUENTE NACIONAL,2023,MAYO,2457,64,39,3,0,178,203,18,123,59,0,3,69,0,3216,9,0,0
Matamoros,PÚENTE INTERNACIONAL,2023,MAYO,92837,210,0,0,0,89,0,5,0,0,0,0,0,0,93141,165,0,141773
Camargo,PÚENTE INTERNACIONAL,2023,MAYO,33490,22,0,0,0,50,172,4,1525,12,14,2,2087,0,37378,309,0,2802
Miguel Alemán,PÚENTE INTERNACIONAL,2023,MAYO,57671,44,12,84,0,148,130,41,3299,18,0,0,0,0,61447,282,0,18509
Reynosa,PÚENTE INTERNACIONAL,2023,MAYO,131658,276,183,853,2,76,9,6,1,0,0,0,1,0,133065,436,1,180126
   Línea Express,PÚENTE INTERNACIONAL,2023,MAYO,63497,0,0,0,0,0,0,0,0,0,0,0,0,0,63497,0,0,0
Las Flores,PÚENTE INTERNACIONAL,2023,MAYO,44423,67,0,0,0,71,199,28,1206,744,23,14,1283,0,48058,161,54,79513
Ojinaga,PÚENTE INTERNACIONAL,2023,MAYO,59620,50,31,108,1,783,148,195,653,7,7,42,38,0,61683,1232,0,4610
Rodolfo Robles,PÚENTE INTERNACIONAL,2023,MAYO,5929,40196,62,40,0,12,2,0,0,0,0,0,0,6976,53217,3,0,32784
Piedras Negras,PÚENTE INTERNACIONAL,2023,MAYO,110428,172,2,0,0,183,2,5,0,0,0,0,0,0,110792,185,0,43628
Acuña,PÚENTE INTERNACIONAL,2023,MAYO,140134,474,2,0,0,1757,925,186,4154,22,4,0,1,0,147659,1085,1,7008
Laredo,PÚENTE INTERNACIONAL,2023,MAYO,0,0,0,0,0,0,0,0,0,0,0,0,0,0,0,0,0,227402
   Línea Express,PÚENTE INTERNACIONAL,2023,MAYO,70398,0,0,0,0,0,0,0,0,0,0,0,0,0,70398,0,0,0
Juárez-Lincoln,PÚENTE INTERNACIONAL,2023,MAYO,255001,1284,17,2485,0,388,5,71,4,0,0,0,0,0,259255,1547,0,0
Suchiate II,PÚENTE INTERNACIONAL,2023,MAYO,1396,0,112,5,0,799,1047,60,10806,2067,25,3,70,0,16390,41,638,0
Chapalilla - Compostela ,CAMINO,2023,JUNIO,160443,8272,11511,3222,6,6948,5982,717,7651,3356,75,6,924,0,209113,879,0,0
Cuauhtemoc-Osiris ,CAMINO,2023,JUNIO,126841,789,4374,6226,0,14217,13565,3913,58505,11140,1977,199,24351,0,266097,2623,0,0
Culiacán,PUENTE NACIONAL,2023,JUNIO,233796,3261,6599,510,17,8116,4041,608,7105,1455,4,1,625,0,266138,2433,0,0
Sinaloa,PUENTE NACIONAL,2023,JUNIO,250507,1797,12027,4661,16,15846,15180,3227,60932,6915,1064,73,16765,0,389010,3843,30,0
Pánuco,PUENTE NACIONAL,2023,JUNIO,131363,8061,7699,116,3,4951,2568,319,2881,2057,50,4,1175,0,161247,1142,17,0
Alvarado,PUENTE NACIONAL,2023,JUNIO,117830,10977,7429,485,4,4814,4007,260,2481,1032,33,5,216,0,149573,840,16,0
Papaloapan,PUENTE NACIONAL,2023,JUNIO,44548,10791,3407,259,0,4234,4090,194,3264,550,29,10,1171,0,72547,538,5,0
Caracol,PUENTE NACIONAL,2023,JUNIO,141818,23786,11421,227,0,7537,4778,362,4974,1010,78,108,9978,0,206077,554,5,0
Nautla,PUENTE NACIONAL,2023,JUNIO,73931,4957,3086,259,5,4928,3165,402,6162,1178,18,10,1585,0,99686,1065,2,0
Grijalva,PUENTE NACIONAL,2023,JUNIO,393037,19783,11731,2023,25,16838,11216,2158,24528,12220,882,189,19848,0,514478,3169,458,0
Usumacinta,PUENTE NACIONAL,2023,JUNIO,86067,12669,3424,733,6,5543,6785,1288,17448,6486,971,130,16829,0,158379,1464,343,0
Cadereyta,PUENTE NACIONAL,2023,JUNIO,141932,4057,420,25,3,10397,6124,999,10774,4596,172,156,5431,0,185086,682,2,0
La Piedad,PUENTE NACIONAL,2023,JUNIO,72334,2143,3161,799,0,7709,6474,644,9888,1738,32,20,318,0,105260,626,0,0
Tecolutla,PUENTE NACIONAL,2023,JUNIO,91793,15620,3781,389,4,4845,3517,441,6118,1275,9,6,1383,0,129181,588,1,0
San Juan,PUENTE NACIONAL,2023,JUNIO,49626,196,583,222,0,3033,1841,260,5173,756,71,132,8956,0,70849,1111,1024,0
Tampico,PUENTE NACIONAL,2023,JUNIO,234035,3331,7286,2100,1,6911,3904,260,1950,311,19,3,1660,0,261771,1206,0,0
Tlacotalpan,PUENTE NACIONAL,2023,JUNIO,38352,5273,1417,15,0,1115,600,38,139,35,0,0,6,0,46990,352,0,0
Dovalí Jaime,PUENTE NACIONAL,2023,JUNIO,190456,5555,6999,3210,12,22196,25685,5226,91999,18348,1762,647,48477,0,420572,1827,260,0
Dovalí Jaime Bis,PUENTE NACIONAL,2023,JUNIO,17662,1796,27,0,0,555,104,29,1203,27,4,0,8,0,21415,36,0,0
Refineria Lazaro Cárdenas,PUENTE NACIONAL,2023,JUNIO,2664,62,24,1,0,174,190,14,121,55,2,5,77,0,3389,18,0,0
Matamoros,PÚENTE INTERNACIONAL,2023,JUNIO,76546,288,0,0,0,67,0,1,0,0,0,0,0,0,76902,150,0,129058
Camargo,PÚENTE INTERNACIONAL,2023,JUNIO,30222,23,0,0,0,58,140,9,1378,17,20,3,1957,0,33827,294,0,1897
Miguel Alemán,PÚENTE INTERNACIONAL,2023,JUNIO,51508,53,15,69,0,122,167,41,3135,17,2,0,0,0,55129,274,0,11095
Reynosa,PÚENTE INTERNACIONAL,2023,JUNIO,131721,365,180,881,0,40,9,5,0,0,0,0,0,0,133201,488,0,163735
   Línea Express,PÚENTE INTERNACIONAL,2023,JUNIO,52889,0,0,0,0,0,0,0,0,0,0,0,0,0,52889,0,0,0
Las Flores,PÚENTE INTERNACIONAL,2023,JUNIO,45842,49,0,0,0,90,595,33,789,647,32,19,1280,0,49376,169,123,79194
Ojinaga,PÚENTE INTERNACIONAL,2023,JUNIO,56977,31,27,117,0,718,146,169,500,8,4,65,3,0,58765,1206,0,4006
Rodolfo Robles,PÚENTE INTERNACIONAL,2023,JUNIO,6005,39531,61,57,0,15,0,0,0,0,0,0,0,7539,53208,4,0,33950
Piedras Negras,PÚENTE INTERNACIONAL,2023,JUNIO,100625,127,3,0,0,205,0,3,0,0,0,0,0,0,100963,175,0,42848
Acuña,PÚENTE INTERNACIONAL,2023,JUNIO,141098,409,0,0,0,1778,842,184,4156,12,2,0,0,0,148481,1001,0,6466
Laredo,PÚENTE INTERNACIONAL,2023,JUNIO,0,0,0,0,0,0,0,0,0,0,0,0,0,0,0,0,0,201924
   Línea Express,PÚENTE INTERNACIONAL,2023,JUNIO,56418,0,0,0,0,0,0,0,0,0,0,0,0,0,56418,0,0,0
Juárez-Lincoln,PÚENTE INTERNACIONAL,2023,JUNIO,249408,1195,33,2650,0,373,14,63,3,0,0,0,1,0,253740,1592,0,0
Suchiate II,PÚENTE INTERNACIONAL,2023,JUNIO,1426,1,140,3,0,904,986,81,10513,1963,13,6,55,0,16091,38,908,0
Chapalilla - Compostela ,CAMINO,2023,JULIO,193767,2344,11361,3287,10,6671,5695,635,7394,3133,67,6,1113,0,235483,961,0,0
Cuauhtemoc-Osiris ,CAMINO,2023,JULIO,152629,1203,5111,7055,0,14737,15725,3695,59507,10517,1887,174,24110,0,296350,2944,0,0
Culiacán,PUENTE NACIONAL,2023,JULIO,243809,3012,6579,560,10,7662,3861,610,6849,1660,6,5,463,0,275086,2541,4,0
Sinaloa,PUENTE NACIONAL,2023,JULIO,278663,1947,12977,5348,33,15623,14203,3204,58782,7638,1065,82,16464,0,416029,4127,4,0
Pánuco,PUENTE NACIONAL,2023,JULIO,143373,8409,8647,185,6,4880,2588,353,2797,1956,9,1,1126,0,174330,974,3,0
Alvarado,PUENTE NACIONAL,2023,JULIO,134906,12100,8162,615,3,4787,3795,257,2505,1085,43,18,293,0,168569,857,29,0
Papaloapan,PUENTE NACIONAL,2023,JULIO,47595,11009,3307,181,1,3965,3000,146,2265,358,6,2,396,0,72231,531,24,0
Caracol,PUENTE NACIONAL,2023,JULIO,148761,23455,11256,291,0,7635,4641,335,5134,856,105,93,10339,0,212901,544,0,0
Nautla,PUENTE NACIONAL,2023,JULIO,82214,5469,3267,401,2,4829,3120,356,6226,1218,13,7,1513,0,108635,1049,0,0
Grijalva,PUENTE NACIONAL,2023,JULIO,413103,19593,12963,2375,43,16842,11848,2212,24300,11420,808,177,18328,0,534012,3237,547,0
Usumacinta,PUENTE NACIONAL,2023,JULIO,99151,12662,4815,1113,6,5412,7907,1332,17590,6461,824,157,16747,0,174177,1532,483,0
Cadereyta,PUENTE NACIONAL,2023,JULIO,140661,3857,329,16,2,12292,6082,921,9807,3219,256,321,5850,0,183613,709,13,0
La Piedad,PUENTE NACIONAL,2023,JULIO,75103,2310,3817,1029,0,7241,5961,552,9621,1713,24,12,226,0,107609,611,2,0
Tecolutla,PUENTE NACIONAL,2023,JULIO,107657,16797,4243,516,1,4870,2999,405,6098,1362,16,6,1393,0,146363,664,0,0
San Juan,PUENTE NACIONAL,2023,JULIO,51966,189,398,239,0,3136,1807,286,4708,868,59,87,8336,0,72079,1194,822,0
Tampico,PUENTE NACIONAL,2023,JULIO,271268,3379,8773,2768,1,7078,3631,234,1972,327,13,2,1713,0,301159,1238,1,0
Tlacotalpan,PUENTE NACIONAL,2023,JULIO,42475,5238,1435,36,0,1133,559,31,209,90,0,0,6,0,51212,376,0,0
Dovalí Jaime,PUENTE NACIONAL,2023,JULIO,218313,5350,8505,3997,25,22402,26828,5532,90775,18031,1797,878,48300,0,450733,1913,164,0
Dovalí Jaime Bis,PUENTE NACIONAL,2023,JULIO,15783,1745,17,0,0,577,115,24,1174,23,0,0,4,0,19462,19,0,0
Refineria Lazaro Cárdenas,PUENTE NACIONAL,2023,JULIO,2640,44,7,4,0,172,224,19,117,76,0,5,86,0,3394,6,3,0
Matamoros,PÚENTE INTERNACIONAL,2023,JULIO,82681,259,0,0,0,72,1,5,0,0,0,0,0,0,83018,185,0,135243
Camargo,PÚENTE INTERNACIONAL,2023,JULIO,34551,42,0,0,0,53,97,4,1257,17,19,1,1881,0,37922,267,0,1835
Miguel Alemán,PÚENTE INTERNACIONAL,2023,JULIO,53113,50,4,65,0,140,112,28,2868,16,3,0,0,0,56399,269,0,9993
Reynosa,PÚENTE INTERNACIONAL,2023,JULIO,125594,319,187,972,3,76,10,5,2,0,0,0,0,0,127168,485,0,172644
   Línea Express,PÚENTE INTERNACIONAL,2023,JULIO,51943,0,0,0,0,0,0,0,0,0,0,0,0,0,51943,0,0,0
Las Flores,PÚENTE INTERNACIONAL,2023,JULIO,48962,47,0,0,0,131,721,43,651,562,65,27,1796,0,53005,159,71,93328
Ojinaga,PÚENTE INTERNACIONAL,2023,JULIO,60682,46,43,118,3,771,132,162,520,19,2,33,2,0,62533,1681,0,5679
Rodolfo Robles,PÚENTE INTERNACIONAL,2023,JULIO,6483,42345,67,68,0,6,0,0,0,0,0,0,0,8108,57077,4,0,39398
Piedras Negras,PÚENTE INTERNACIONAL,2023,JULIO,106226,121,4,0,0,249,2,2,1,0,0,0,0,0,106605,220,0,45491
Acuña,PÚENTE INTERNACIONAL,2023,JULIO,143861,396,0,0,0,1643,823,176,3875,25,1,0,1,0,150801,1150,0,6720
Laredo,PÚENTE INTERNACIONAL,2023,JULIO,0,0,0,0,0,0,0,0,0,0,0,0,0,0,0,0,0,222319
   Línea Express,PÚENTE INTERNACIONAL,2023,JULIO,81541,0,0,0,0,0,0,0,0,0,0,0,0,0,81541,0,0,0
Juárez-Lincoln,PÚENTE INTERNACIONAL,2023,JULIO,246670,1425,27,2980,0,386,20,63,5,0,0,0,0,0,251576,1670,0,0
Suchiate II,PÚENTE INTERNACIONAL,2023,JULIO,1179,0,158,7,0,823,935,82,10546,1726,16,3,36,0,15511,47,967,0
Chapalilla - Compostela ,CAMINO,2023,AGOSTO,183077,2302,11142,3215,3,7042,5706,645,7588,3096,63,10,1089,0,224978,1074,0,0
Cuauhtemoc-Osiris ,CAMINO,2023,AGOSTO,100472,681,3544,4389,0,11572,13131,3500,58911,10301,1608,154,22777,0,231040,2212,6,0
Culiacán,PUENTE NACIONAL,2023,AGOSTO,234557,2976,6749,649,13,7547,3819,474,6942,1459,5,1,669,0,265860,2635,0,0
Sinaloa,PUENTE NACIONAL,2023,AGOSTO,261507,2025,12936,5574,26,16213,11882,3375,59211,7185,998,76,16514,0,397522,3714,2,0
Pánuco,PUENTE NACIONAL,2023,AGOSTO,141480,8989,8677,147,3,4893,2508,314,2957,1656,5,4,998,0,172631,1164,1,0
Alvarado,PUENTE NACIONAL,2023,AGOSTO,132727,11819,8014,476,8,5027,3905,177,2582,1053,24,2,384,0,166198,878,10,0
Papaloapan,PUENTE NACIONAL,2023,AGOSTO,45998,11101,3249,160,8,4475,3181,135,2400,298,6,5,421,0,71437,567,0,0
Caracol,PUENTE NACIONAL,2023,AGOSTO,147763,23387,11630,273,0,7847,4998,348,5074,953,68,55,9623,0,212019,488,3,0
Nautla,PUENTE NACIONAL,2023,AGOSTO,83820,5502,3316,331,2,5099,3173,342,6457,1321,31,14,1364,0,110772,1122,2,0
Grijalva,PUENTE NACIONAL,2023,AGOSTO,413495,19794,13409,2239,27,17609,11991,2428,26113,12724,781,208,19812,0,540630,3231,296,0
Usumacinta,PUENTE NACIONAL,2023,AGOSTO,100977,12816,5037,1033,8,5930,8520,1552,18420,7239,871,176,18212,0,180791,1522,225,0
Cadereyta,PUENTE NACIONAL,2023,AGOSTO,139175,4132,391,42,0,12159,6704,858,9808,3251,234,289,5896,0,182939,774,14,0
La Piedad,PUENTE NACIONAL,2023,AGOSTO,69640,2197,3847,1063,0,7217,5923,583,9732,1825,21,3,208,0,102259,592,0,0
Tecolutla,PUENTE NACIONAL,2023,AGOSTO,106130,16246,4203,420,2,4815,2821,404,6278,1364,28,12,1213,0,143936,624,1,0
San Juan,PUENTE NACIONAL,2023,AGOSTO,51396,251,531,241,0,3338,1802,362,5022,1149,68,106,9193,0,73459,1089,1035,0
Tampico,PUENTE NACIONAL,2023,AGOSTO,263229,3609,9193,2893,1,7171,3753,245,2259,315,14,9,1532,0,294223,1211,2,0
Tlacotalpan,PUENTE NACIONAL,2023,AGOSTO,42243,4956,1425,40,0,1179,567,44,231,98,0,0,10,0,50793,488,0,0
Dovalí Jaime,PUENTE NACIONAL,2023,AGOSTO,221331,5957,8846,4239,44,23148,26785,5902,93723,19571,1813,880,49233,0,461472,1923,334,0
Dovalí Jaime Bis,PUENTE NACIONAL,2023,AGOSTO,15128,1912,6,0,0,646,109,32,1038,15,9,1,51,0,18947,33,0,0
Refineria Lazaro Cárdenas,PUENTE NACIONAL,2023,AGOSTO,2962,54,17,2,0,217,227,21,168,64,3,1,61,0,3797,10,0,0
Matamoros,PÚENTE INTERNACIONAL,2023,AGOSTO,94745,335,0,0,1,64,0,2,0,0,0,0,0,0,95147,173,0,142904
Camargo,PÚENTE INTERNACIONAL,2023,AGOSTO,33193,73,0,0,0,51,109,9,1162,11,24,0,2095,0,36727,254,0,2578
Miguel Alemán,PÚENTE INTERNACIONAL,2023,AGOSTO,56171,22,6,65,1,167,91,42,2778,26,0,0,0,0,59369,276,0,16908
Reynosa,PÚENTE INTERNACIONAL,2023,AGOSTO,134085,308,201,957,0,64,6,6,0,0,0,0,1,0,135628,484,1,183883
   Línea Express,PÚENTE INTERNACIONAL,2023,AGOSTO,67918,0,0,0,0,0,0,0,0,0,0,0,0,0,67918,0,0,0
Las Flores,PÚENTE INTERNACIONAL,2023,AGOSTO,43356,34,0,1,0,99,652,44,560,450,72,31,2472,0,47771,118,428,77454
Ojinaga,PÚENTE INTERNACIONAL,2023,AGOSTO,56634,28,39,120,0,596,135,163,777,14,3,51,13,0,58573,1387,2,4445
Rodolfo Robles,PÚENTE INTERNACIONAL,2023,AGOSTO,5817,43753,62,91,0,27,0,0,0,0,0,0,0,7943,57693,0,0,39278
Piedras Negras,PÚENTE INTERNACIONAL,2023,AGOSTO,110556,106,4,0,0,257,8,2,1,0,0,0,0,0,110934,211,0,41304
Acuña,PÚENTE INTERNACIONAL,2023,AGOSTO,144526,412,0,0,0,1709,969,161,4356,40,3,0,1,0,152177,1054,0,6788
Laredo,PÚENTE INTERNACIONAL,2023,AGOSTO,0,0,0,0,0,0,0,0,0,0,0,0,0,0,0,0,0,220839
   Línea Express,PÚENTE INTERNACIONAL,2023,AGOSTO,107092,0,0,0,0,0,0,0,0,0,0,0,0,0,107092,0,0,0
Juárez-Lincoln,PÚENTE INTERNACIONAL,2023,AGOSTO,257212,1198,9,2796,0,435,13,75,4,0,0,0,0,0,261742,1787,0,0
Suchiate II,PÚENTE INTERNACIONAL,2023,AGOSTO,1215,0,154,11,0,856,911,71,11075,1970,17,3,46,0,16329,30,555,0
Chapalilla - Compostela ,CAMINO,2023,SEPTIEMBRE,129333,2636,9907,2502,5,6780,5110,575,6929,2647,58,0,974,0,167456,1412,0,0
Cuauhtemoc-Osiris ,CAMINO,2023,SEPTIEMBRE,81069,756,2482,2945,0,11073,10712,3292,56823,9523,1800,172,22203,0,202850,1818,0,0
Culiacán,PUENTE NACIONAL,2023,SEPTIEMBRE,219476,2621,6488,546,17,7375,3532,462,6367,1244,2,3,601,0,248734,2403,0,0
Sinaloa,PUENTE NACIONAL,2023,SEPTIEMBRE,232160,1908,11945,4844,17,15248,11468,3308,59164,6800,1061,77,16008,0,364008,3569,7,0
Pánuco,PUENTE NACIONAL,2023,SEPTIEMBRE,125632,9024,7781,90,9,4777,2439,291,2907,1653,10,1,805,0,155419,1034,0,0
Alvarado,PUENTE NACIONAL,2023,SEPTIEMBRE,110884,11231,7047,306,2,4732,3618,191,2533,1035,17,7,432,0,142035,727,3,0
Papaloapan,PUENTE NACIONAL,2023,SEPTIEMBRE,39870,11199,3076,109,3,4167,2781,125,1993,239,8,7,421,0,63998,616,0,0
Caracol,PUENTE NACIONAL,2023,SEPTIEMBRE,134695,23317,10814,219,0,7201,4798,297,5072,956,80,56,9110,0,196615,486,0,0
Nautla,PUENTE NACIONAL,2023,SEPTIEMBRE,71423,6405,2945,223,1,4546,3134,386,6087,1207,40,7,1408,0,97812,1068,1,0
Grijalva,PUENTE NACIONAL,2023,SEPTIEMBRE,375991,20454,11783,1688,44,16915,11759,2157,25224,11639,825,154,19447,0,498080,3038,479,0
Usumacinta,PUENTE NACIONAL,2023,SEPTIEMBRE,81018,11892,3497,567,3,5615,8908,1466,18376,7166,920,181,18299,0,157908,1469,447,0
Cadereyta,PUENTE NACIONAL,2023,SEPTIEMBRE,137495,4501,444,18,0,11770,6642,807,9502,3168,205,249,5141,0,179942,775,7,0
La Piedad,PUENTE NACIONAL,2023,SEPTIEMBRE,66603,2065,3796,1011,0,6857,5859,572,9896,1631,17,10,281,0,98598,610,0,0
Tecolutla,PUENTE NACIONAL,2023,SEPTIEMBRE,90103,18444,3692,278,2,4590,2655,446,6108,1319,29,7,1209,0,128882,606,1,0
San Juan,PUENTE NACIONAL,2023,SEPTIEMBRE,50697,229,643,233,0,3163,1848,329,5321,1230,36,74,9142,0,72945,1040,1185,0
Tampico,PUENTE NACIONAL,2023,SEPTIEMBRE,222331,3401,7776,2104,1,6677,3596,254,1986,294,17,7,1659,0,250103,1126,0,0
Tlacotalpan,PUENTE NACIONAL,2023,SEPTIEMBRE,36090,5037,1292,12,0,1123,432,32,208,46,0,0,16,0,44288,409,0,0
Dovalí Jaime,PUENTE NACIONAL,2023,SEPTIEMBRE,186093,5680,6433,2785,28,21572,25740,5736,90175,18215,1735,909,47203,0,412304,1728,177,0
Dovalí Jaime Bis,PUENTE NACIONAL,2023,SEPTIEMBRE,12676,1686,4,0,0,556,116,28,886,24,4,0,76,0,16056,8,0,0
Refineria Lazaro Cárdenas,PUENTE NACIONAL,2023,SEPTIEMBRE,3949,48,51,4,0,298,210,35,134,58,7,4,44,0,4842,30,2,0
Matamoros,PÚENTE INTERNACIONAL,2023,SEPTIEMBRE,99970,325,0,0,0,60,3,2,2,0,0,0,0,0,100362,146,0,152386
Camargo,PÚENTE INTERNACIONAL,2023,SEPTIEMBRE,32766,43,0,0,0,45,105,5,1137,20,19,2,1909,0,36051,260,0,3305
Miguel Alemán,PÚENTE INTERNACIONAL,2023,SEPTIEMBRE,57418,27,8,62,0,132,97,36,2897,19,0,0,0,0,60696,255,0,19337
Reynosa,PÚENTE INTERNACIONAL,2023,SEPTIEMBRE,133233,276,202,971,1,72,7,2,0,0,0,0,0,0,134764,539,0,177747
   Línea Express,PÚENTE INTERNACIONAL,2023,SEPTIEMBRE,70268,0,0,0,0,0,0,0,0,0,0,0,0,0,70268,0,0,0
Las Flores,PÚENTE INTERNACIONAL,2023,SEPTIEMBRE,44101,33,0,0,0,117,351,40,662,379,76,23,2302,0,48084,131,384,86884
Ojinaga,PÚENTE INTERNACIONAL,2023,SEPTIEMBRE,54693,68,40,119,2,645,144,176,615,14,7,41,25,0,56589,1312,1,4306
Rodolfo Robles,PÚENTE INTERNACIONAL,2023,SEPTIEMBRE,5350,43235,48,72,0,7,1,0,0,0,0,0,0,7455,56168,1,0,36079
Piedras Negras,PÚENTE INTERNACIONAL,2023,SEPTIEMBRE,69136,82,0,0,0,156,0,1,0,0,0,0,0,0,69375,105,0,54135
Acuña,PÚENTE INTERNACIONAL,2023,SEPTIEMBRE,137793,509,1,0,0,1350,959,168,4722,29,2,0,0,0,145533,1045,0,8535
Laredo,PÚENTE INTERNACIONAL,2023,SEPTIEMBRE,0,0,0,0,0,0,0,0,0,0,0,0,0,0,0,0,0,219543
   Línea Express,PÚENTE INTERNACIONAL,2023,SEPTIEMBRE,108815,0,0,0,0,0,0,0,0,0,0,0,0,0,108815,0,0,0
Juárez-Lincoln,PÚENTE INTERNACIONAL,2023,SEPTIEMBRE,253325,1136,10,2397,0,407,13,56,4,0,0,0,0,0,257348,1464,0,0
Suchiate II,PÚENTE INTERNACIONAL,2023,SEPTIEMBRE,1334,0,194,10,0,853,889,80,10220,1824,17,1,53,0,15475,49,834,0
Chapalilla - Compostela ,CAMINO,2023,OCTUBRE,128032,2456,11400,3019,11,7045,5405,613,7357,2744,72,9,1074,0,169237,858,0,0
Cuauhtemoc-Osiris ,CAMINO,2023,OCTUBRE,75777,682,2163,2469,0,10449,10447,3372,58555,9626,1989,165,23134,0,198828,1557,2,0
Culiacán,PUENTE NACIONAL,2023,OCTUBRE,225321,3042,6412,515,16,7568,3512,519,6773,1216,3,0,624,0,255521,2685,0,0
Sinaloa,PUENTE NACIONAL,2023,OCTUBRE,237212,2489,11879,4893,14,16357,12060,3384,62048,6236,942,70,16548,0,374132,3750,42,0
Pánuco,PUENTE NACIONAL,2023,OCTUBRE,127915,8681,8396,106,3,4972,2453,251,2521,1826,8,1,846,0,157979,992,5,0
Alvarado,PUENTE NACIONAL,2023,OCTUBRE,112764,10199,7017,338,6,4885,3722,170,2491,1080,10,2,406,0,143090,1165,1,0
Papaloapan,PUENTE NACIONAL,2023,OCTUBRE,41758,12197,2927,119,4,3896,2708,122,1861,235,12,5,425,0,66269,822,13,0
Caracol,PUENTE NACIONAL,2023,OCTUBRE,138382,23388,10743,180,0,7715,5452,340,5092,984,85,42,9890,0,202293,569,0,0
Nautla,PUENTE NACIONAL,2023,OCTUBRE,66217,4764,3082,182,4,4679,2968,357,5810,1165,27,4,1628,0,90887,1030,1,0
Grijalva,PUENTE NACIONAL,2023,OCTUBRE,388093,20991,12123,2042,34,17484,11957,2400,28061,12893,846,200,22045,0,519169,2990,348,0
Usumacinta,PUENTE NACIONAL,2023,OCTUBRE,84816,11779,3903,716,9,5983,9408,1547,21640,8292,984,193,20860,0,170130,1459,313,0
Cadereyta,PUENTE NACIONAL,2023,OCTUBRE,137328,4161,414,24,0,12024,6010,884,9944,3774,211,335,4541,0,179650,717,3,0
La Piedad,PUENTE NACIONAL,2023,OCTUBRE,70486,1944,3741,1014,1,7625,6555,607,10580,1699,31,6,272,0,104561,511,0,0
Tecolutla,PUENTE NACIONAL,2023,OCTUBRE,84069,14067,3794,231,4,4607,2700,406,5737,1180,21,8,1428,0,118252,516,0,0
San Juan,PUENTE NACIONAL,2023,OCTUBRE,51437,174,772,237,0,3354,2020,355,5256,1421,93,77,9583,0,74779,1226,1355,0
Tampico,PUENTE NACIONAL,2023,OCTUBRE,212015,3184,8031,2275,3,6884,3605,269,2365,375,35,16,1320,0,240377,1207,23,0
Tlacotalpan,PUENTE NACIONAL,2023,OCTUBRE,36898,4741,1325,15,0,1199,471,38,179,45,0,0,24,0,44935,590,0,0
Dovalí Jaime,PUENTE NACIONAL,2023,OCTUBRE,167339,5694,5765,2620,8,22419,27004,5840,92962,18932,1647,782,47421,0,398433,1669,212,0
Dovalí Jaime Bis,PUENTE NACIONAL,2023,OCTUBRE,12834,1618,27,0,0,509,191,22,685,95,0,0,2,0,15983,16,0,0
Refineria Lazaro Cárdenas,PUENTE NACIONAL,2023,OCTUBRE,3323,154,40,3,0,290,267,31,130,91,2,9,68,0,4408,29,0,0
Matamoros,PÚENTE INTERNACIONAL,2023,OCTUBRE,105674,341,1,0,0,60,4,0,0,0,0,0,0,0,106080,125,0,161757
Camargo,PÚENTE INTERNACIONAL,2023,OCTUBRE,33640,31,0,0,0,46,110,7,1210,7,26,0,1842,0,36919,271,0,2948
Miguel Alemán,PÚENTE INTERNACIONAL,2023,OCTUBRE,58362,39,4,81,0,155,108,39,3030,15,2,0,0,0,61835,248,0,20070
Reynosa,PÚENTE INTERNACIONAL,2023,OCTUBRE,147784,298,192,974,1,48,15,6,0,0,0,0,0,0,149318,586,0,183730
   Línea Express,PÚENTE INTERNACIONAL,2023,OCTUBRE,75292,0,0,0,0,0,0,0,0,0,0,0,0,0,75292,0,0,0
Las Flores,PÚENTE INTERNACIONAL,2023,OCTUBRE,45006,48,0,0,0,112,350,34,1110,500,58,23,2648,0,49889,98,20,80223
Ojinaga,PÚENTE INTERNACIONAL,2023,OCTUBRE,57756,68,28,119,3,679,125,161,702,31,2,31,26,0,59731,1152,7,3580
Rodolfo Robles,PÚENTE INTERNACIONAL,2023,OCTUBRE,4904,47019,23,25,0,7,0,0,0,0,0,0,0,7464,59442,7,0,35456
Piedras Negras,PÚENTE INTERNACIONAL,2023,OCTUBRE,56846,72,1,0,0,139,0,1,0,0,0,0,0,0,57059,113,0,67274
Acuña,PÚENTE INTERNACIONAL,2023,OCTUBRE,146580,460,1,0,0,1559,919,184,4447,35,2,0,0,0,154187,1142,0,8094
Laredo,PÚENTE INTERNACIONAL,2023,OCTUBRE,0,0,0,0,0,0,0,0,0,0,0,0,0,0,0,0,0,229100
   Línea Express,PÚENTE INTERNACIONAL,2023,OCTUBRE,95885,0,0,0,0,0,0,0,0,0,0,0,0,0,95885,0,0,0
Juárez-Lincoln,PÚENTE INTERNACIONAL,2023,OCTUBRE,258322,1163,19,2518,0,416,18,77,5,0,0,0,0,0,262538,1644,0,0
Suchiate II,PÚENTE INTERNACIONAL,2023,OCTUBRE,1272,0,138,23,7,694,777,74,8315,1512,24,4,103,0,12943,28,704,0
Chapalilla - Compostela ,CAMINO,2023,NOVIEMBRE,136471,2857,11368,3110,4,7512,5689,654,8019,3031,87,1,1379,0,180182,902,0,0
Cuauhtemoc-Osiris ,CAMINO,2023,NOVIEMBRE,87865,577,2882,3846,0,11220,10998,3143,57603,10818,1796,195,23221,0,214164,1916,2,0
Culiacán,PUENTE NACIONAL,2023,NOVIEMBRE,248479,3013,6751,535,15,8001,3823,489,7206,1156,8,1,605,0,280082,2379,0,0
Sinaloa,PUENTE NACIONAL,2023,NOVIEMBRE,254266,2706,12557,5016,27,17023,12887,3336,61461,6515,1162,65,17335,0,394356,4198,40,0
Pánuco,PUENTE NACIONAL,2023,NOVIEMBRE,134115,7545,8328,110,10,4751,2294,235,2594,1953,2,0,1139,0,163076,1026,56,0
Alvarado,PUENTE NACIONAL,2023,NOVIEMBRE,114215,9168,6742,325,1,4966,3579,140,2414,1041,7,4,253,0,142855,801,9,0
Papaloapan,PUENTE NACIONAL,2023,NOVIEMBRE,43655,11144,2947,212,3,3816,2745,125,2230,277,7,3,574,0,67738,3255,266,0
Caracol,PUENTE NACIONAL,2023,NOVIEMBRE,144709,23114,10901,225,2,7508,5177,363,5283,998,89,53,9017,0,207439,1393,0,0
Nautla,PUENTE NACIONAL,2023,NOVIEMBRE,66072,4397,2966,237,7,4586,2951,366,6106,1266,36,8,1291,0,90289,882,0,0
Grijalva,PUENTE NACIONAL,2023,NOVIEMBRE,372191,19634,11653,1885,36,16928,10763,2268,25996,11574,869,186,21383,0,495366,2792,319,0
Usumacinta,PUENTE NACIONAL,2023,NOVIEMBRE,80450,10258,3976,662,12,5756,8176,1588,21752,8324,1008,194,20628,0,162784,1360,295,0
Cadereyta,PUENTE NACIONAL,2023,NOVIEMBRE,138039,3856,468,29,0,11915,5702,969,9567,3670,229,278,3943,0,178665,755,8,0
La Piedad,PUENTE NACIONAL,2023,NOVIEMBRE,71847,1970,3755,913,0,7695,6870,616,10724,1634,17,9,245,0,106295,512,0,0
Tecolutla,PUENTE NACIONAL,2023,NOVIEMBRE,82743,13087,3780,345,1,4604,2821,419,6098,1382,30,9,1122,0,116441,490,0,0
San Juan,PUENTE NACIONAL,2023,NOVIEMBRE,48381,215,790,236,0,3085,1715,278,4851,1053,108,104,9136,0,69952,1006,1089,0
Tampico,PUENTE NACIONAL,2023,NOVIEMBRE,210921,2834,8045,2153,3,6802,3645,253,2129,279,16,25,1283,0,238388,1315,0,0
Tlacotalpan,PUENTE NACIONAL,2023,NOVIEMBRE,36483,4413,1314,19,0,1229,857,25,178,53,1,0,15,0,44587,468,3,0
Dovalí Jaime,PUENTE NACIONAL,2023,NOVIEMBRE,92282,5216,3218,1359,17,16390,20618,4778,78935,14098,1600,737,36189,0,275437,1237,260,0
Dovalí Jaime Bis,PUENTE NACIONAL,2023,NOVIEMBRE,12605,1950,75,3,0,592,192,40,774,55,2,0,15,0,16303,20,3,0
Refineria Lazaro Cárdenas,PUENTE NACIONAL,2023,NOVIEMBRE,933,44,8,4,0,95,94,10,129,45,5,4,41,0,1412,12,2,0
Matamoros,PÚENTE INTERNACIONAL,2023,NOVIEMBRE,90304,333,1,1,1,76,1,4,0,0,0,0,2,0,90723,111,0,155420
Camargo,PÚENTE INTERNACIONAL,2023,NOVIEMBRE,34305,36,0,0,0,79,118,9,1036,2,15,1,1780,0,37381,276,0,3315
Miguel Alemán,PÚENTE INTERNACIONAL,2023,NOVIEMBRE,58394,31,5,59,0,135,94,35,3012,21,1,0,0,0,61787,293,0,24052
Reynosa,PÚENTE INTERNACIONAL,2023,NOVIEMBRE,140448,294,142,1046,0,68,9,11,0,0,0,0,1,0,142019,734,0,176360
   Línea Express,PÚENTE INTERNACIONAL,2023,NOVIEMBRE,72194,0,0,0,0,0,0,0,0,0,0,0,0,0,72194,0,0,0
Las Flores,PÚENTE INTERNACIONAL,2023,NOVIEMBRE,47058,33,0,0,0,103,252,46,873,474,59,46,2397,0,51341,118,12,87241
Ojinaga,PÚENTE INTERNACIONAL,2023,NOVIEMBRE,58593,46,14,124,2,801,135,150,680,17,2,13,22,0,60599,1275,5,4523
Rodolfo Robles,PÚENTE INTERNACIONAL,2023,NOVIEMBRE,6307,47264,41,52,0,20,0,0,0,0,0,0,0,7307,60991,2,0,35260
Piedras Negras,PÚENTE INTERNACIONAL,2023,NOVIEMBRE,98484,87,0,0,0,214,0,1,0,0,0,0,0,0,98786,137,0,50998
Acuña,PÚENTE INTERNACIONAL,2023,NOVIEMBRE,142238,318,40,0,0,1557,761,188,3888,39,16,0,0,0,149045,1096,0,7843
Laredo,PÚENTE INTERNACIONAL,2023,NOVIEMBRE,0,0,0,0,0,0,0,0,0,0,0,0,0,0,0,0,0,228096
   Línea Express,PÚENTE INTERNACIONAL,2023,NOVIEMBRE,110103,0,0,0,0,0,0,0,0,0,0,0,0,0,110103,0,0,0
Juárez-Lincoln,PÚENTE INTERNACIONAL,2023,NOVIEMBRE,251737,983,20,2529,0,407,19,75,7,0,0,0,0,0,255777,1790,0,0
Suchiate II,PÚENTE INTERNACIONAL,2023,NOVIEMBRE,1448,0,179,13,1,909,969,71,10635,1978,28,2,43,0,16276,42,644,0
Chapalilla - Compostela ,CAMINO,2023,DICIEMBRE,164008,2372,11362,2844,7,6862,5653,571,7972,2994,73,4,2298,0,207020,777,1,0
Cuauhtemoc-Osiris ,CAMINO,2023,DICIEMBRE,146520,456,5407,7277,0,12785,10311,3425,56465,11097,2194,175,24961,0,281073,3060,1,0
Culiacán,PUENTE NACIONAL,2023,DICIEMBRE,277375,2837,7398,694,19,8380,3708,463,7326,1115,4,2,580,0,309901,2614,0,0
Sinaloa,PUENTE NACIONAL,2023,DICIEMBRE,330034,1909,15121,5998,39,16815,12366,3141,61995,6337,1104,58,18787,0,473704,5167,9,0
Pánuco,PUENTE NACIONAL,2023,DICIEMBRE,153517,7444,9178,422,5,4972,2385,222,2637,1921,5,7,1142,0,183857,1022,74,0
Alvarado,PUENTE NACIONAL,2023,DICIEMBRE,148693,9514,8177,627,7,4941,5373,137,2733,1139,7,3,195,0,181546,757,3,0
Papaloapan,PUENTE NACIONAL,2023,DICIEMBRE,58477,12692,3348,227,10,4048,3190,158,2871,561,11,2,749,0,86344,6361,625,0
Caracol,PUENTE NACIONAL,2023,DICIEMBRE,162347,22268,11787,410,1,7590,5038,330,5357,1205,52,35,9810,0,226230,2732,1555,0
Nautla,PUENTE NACIONAL,2023,DICIEMBRE,77367,4761,3299,306,4,4549,2799,328,5899,1095,28,9,1260,0,101704,938,0,0
Grijalva,PUENTE NACIONAL,2023,DICIEMBRE,430983,21544,12838,2284,33,16683,11238,2300,25469,10512,732,153,20040,0,554809,3124,211,0
Usumacinta,PUENTE NACIONAL,2023,DICIEMBRE,99546,11651,5545,1029,10,5512,6687,1669,20625,7183,864,176,19190,0,179687,1416,213,0
Cadereyta,PUENTE NACIONAL,2023,DICIEMBRE,154829,5197,363,32,0,12940,6211,866,9600,3979,289,207,4239,0,198752,796,36,0
La Piedad,PUENTE NACIONAL,2023,DICIEMBRE,86807,2032,4032,955,0,7366,6389,643,10295,1512,25,7,308,0,120371,565,0,0
Tecolutla,PUENTE NACIONAL,2023,DICIEMBRE,101567,14744,4100,414,0,4752,2886,363,5863,1172,20,10,1081,0,136972,549,0,0
San Juan,PUENTE NACIONAL,2023,DICIEMBRE,51123,143,634,236,0,2949,1631,222,4410,843,63,103,8182,0,70539,1063,1153,0
Tampico,PUENTE NACIONAL,2023,DICIEMBRE,265434,2947,10264,3243,1,7295,3990,251,2342,289,30,5,1501,0,297592,1405,0,0
Tlacotalpan,PUENTE NACIONAL,2023,DICIEMBRE,47354,4533,1375,19,0,1296,725,28,240,82,0,0,8,0,55660,434,0,0
Dovalí Jaime,PUENTE NACIONAL,2023,DICIEMBRE,186223,6189,6542,2897,28,19593,23947,5278,86989,15616,1545,865,42315,0,398027,1596,192,0
Dovalí Jaime Bis,PUENTE NACIONAL,2023,DICIEMBRE,15380,1960,31,0,0,619,208,42,974,35,0,0,47,0,19296,38,0,0
Refineria Lazaro Cárdenas,PUENTE NACIONAL,2023,DICIEMBRE,1111,34,6,3,0,90,114,8,91,51,3,0,30,0,1541,12,0,0
Matamoros,PÚENTE INTERNACIONAL,2023,DICIEMBRE,95862,377,2,0,0,96,5,6,0,0,0,0,0,0,96348,161,0,158646
Camargo,PÚENTE INTERNACIONAL,2023,DICIEMBRE,38562,40,0,0,0,69,125,9,945,2,16,0,1496,0,41264,299,0,3803
Miguel Alemán,PÚENTE INTERNACIONAL,2023,DICIEMBRE,63559,15,4,60,0,100,98,21,2708,29,0,0,0,0,66594,316,0,29305
Reynosa,PÚENTE INTERNACIONAL,2023,DICIEMBRE,135194,360,99,1122,2,55,20,7,1,0,0,0,0,0,136860,771,0,188564
   Línea Express,PÚENTE INTERNACIONAL,2023,DICIEMBRE,74858,0,0,0,0,0,0,0,0,0,0,0,0,0,74858,0,0,0
Las Flores,PÚENTE INTERNACIONAL,2023,DICIEMBRE,50524,35,0,0,0,88,301,27,658,429,24,23,2441,0,54550,100,7,115078
Ojinaga,PÚENTE INTERNACIONAL,2023,DICIEMBRE,59432,11,18,138,3,724,115,106,690,19,0,10,4,0,61270,1184,0,6087
Rodolfo Robles,PÚENTE INTERNACIONAL,2023,DICIEMBRE,7393,52968,41,8,0,14,1,0,0,0,0,0,0,7811,68236,14,0,38838
Piedras Negras,PÚENTE INTERNACIONAL,2023,DICIEMBRE,0,0,0,0,0,0,0,0,0,0,0,0,0,0,0,0,0,116875
Acuña,PÚENTE INTERNACIONAL,2023,DICIEMBRE,116411,388,1,0,0,1281,788,161,4468,36,20,0,0,0,123554,1264,0,24744
Laredo,PÚENTE INTERNACIONAL,2023,DICIEMBRE,0,0,0,0,0,0,0,0,0,0,0,0,0,0,0,0,0,256607
   Línea Express,PÚENTE INTERNACIONAL,2023,DICIEMBRE,112476,0,0,0,0,0,0,0,0,0,0,0,0,0,112476,0,0,0
Juárez-Lincoln,PÚENTE INTERNACIONAL,2023,DICIEMBRE,272740,963,15,3409,0,403,15,76,8,0,0,0,0,0,277629,1961,0,0
Suchiate II,PÚENTE INTERNACIONAL,2023,DICIEMBRE,1786,0,202,2,0,1093,1082,88,9513,1877,21,0,72,0,15736,79,405,0
Chapalilla - Compostela ,CAMINO,2024,ENERO,137930,2730,8775,1669,12,6376,5941,638,7966,3078,118,9,2067,0,177309,898,1,0
Cuauhtemoc-Osiris ,CAMINO,2024,ENERO,127749,486,4524,6485,0,12523,10419,3845,57889,12497,2383,172,25831,0,264803,2465,0,0
Culiacán,PUENTE NACIONAL,2024,ENERO,255123,2721,6936,731,27,7388,3720,543,7983,1034,3,1,619,0,286829,2233,2,0
Sinaloa,PUENTE NACIONAL,2024,ENERO,289759,1739,15275,5818,44,15199,12400,3342,66210,6343,1040,64,21185,0,438418,4268,15,0
Pánuco,PUENTE NACIONAL,2024,ENERO,141241,7738,8651,372,15,4838,2639,173,2350,1900,10,5,1298,0,171230,1067,47,0
Alvarado,PUENTE NACIONAL,2024,ENERO,130621,10087,7472,519,3,4710,5390,171,2950,1360,15,6,550,0,163854,919,0,0
Papaloapan,PUENTE NACIONAL,2024,ENERO,44767,11111,2581,110,10,3396,3328,137,2206,412,10,8,785,0,68861,5807,624,0
Caracol,PUENTE NACIONAL,2024,ENERO,149846,22963,10967,284,0,7250,5311,343,5619,1391,69,25,10723,0,214791,2921,1849,0
Nautla,PUENTE NACIONAL,2024,ENERO,70472,4216,3106,280,1,4224,2722,333,5723,971,40,6,1297,0,93391,837,0,0
Grijalva,PUENTE NACIONAL,2024,ENERO,401183,20906,12621,2633,30,16471,10685,2073,24753,12216,677,152,19590,0,523990,3133,295,0
Usumacinta,PUENTE NACIONAL,2024,ENERO,87800,11384,5261,919,14,5176,6611,1450,19434,8129,777,146,18217,0,165318,1401,322,0
Cadereyta,PUENTE NACIONAL,2024,ENERO,141828,3929,329,25,0,12602,6208,968,10015,2812,321,423,4433,0,183893,697,10,0
La Piedad,PUENTE NACIONAL,2024,ENERO,81942,2146,4112,905,0,7060,6522,701,10568,1464,34,15,300,0,115769,635,0,0
Tecolutla,PUENTE NACIONAL,2024,ENERO,89918,12684,3692,310,0,4499,2830,376,5704,1018,39,6,1198,0,122274,492,0,0
San Juan,PUENTE NACIONAL,2024,ENERO,46399,103,605,232,1,2788,1761,211,4645,816,58,107,8795,0,66521,1001,1290,0
Tampico,PUENTE NACIONAL,2024,ENERO,216485,2606,9586,2994,0,6258,3536,243,2183,313,21,5,1257,0,245487,992,0,0
Tlacotalpan,PUENTE NACIONAL,2024,ENERO,44486,4679,1376,15,0,1274,972,51,324,45,3,0,24,0,53249,593,0,0
Dovalí Jaime,PUENTE NACIONAL,2024,ENERO,168032,6467,6416,2898,13,18889,23406,5029,86067,17158,1535,933,44729,0,381572,1548,314,0
Dovalí Jaime Bis,PUENTE NACIONAL,2024,ENERO,12508,1779,23,0,0,514,123,45,1038,21,0,0,34,0,16085,19,0,0
Refineria Lazaro Cárdenas,PUENTE NACIONAL,2024,ENERO,1267,59,10,3,0,73,72,12,167,85,1,3,52,0,1804,4,2,0
Matamoros,PÚENTE INTERNACIONAL,2024,ENERO,90990,279,3,1,0,100,2,2,0,0,0,0,0,0,91377,265,0,143647
Camargo,PÚENTE INTERNACIONAL,2024,ENERO,34849,22,0,0,0,56,134,19,941,2,13,1,1645,0,37682,302,0,3445
Miguel Alemán,PÚENTE INTERNACIONAL,2024,ENERO,57416,13,3,63,2,102,82,32,2952,19,0,0,0,0,60684,330,0,22822
Reynosa,PÚENTE INTERNACIONAL,2024,ENERO,136223,260,33,1033,3,56,12,4,2,0,0,0,0,0,137626,623,0,168958
   Línea Express,PÚENTE INTERNACIONAL,2024,ENERO,75403,0,0,0,0,0,0,0,0,0,0,0,0,0,75403,0,3,0
Las Flores,PÚENTE INTERNACIONAL,2024,ENERO,44692,27,0,0,0,92,545,16,552,510,31,17,2521,0,49003,151,16,100489
Ojinaga,PÚENTE INTERNACIONAL,2024,ENERO,60036,79,31,119,1,671,136,138,728,26,1,13,6,0,61985,1654,4,4518
Rodolfo Robles,PÚENTE INTERNACIONAL,2024,ENERO,5848,45351,28,75,0,19,0,0,0,0,0,0,0,7113,58434,7,0,32884
Piedras Negras,PÚENTE INTERNACIONAL,2024,ENERO,96127,59,0,0,0,187,0,2,0,0,0,0,0,0,96375,215,0,47908
Acuña,PÚENTE INTERNACIONAL,2024,ENERO,135650,366,0,0,0,1527,926,169,4051,34,18,0,0,0,142741,1434,0,9004
Laredo,PÚENTE INTERNACIONAL,2024,ENERO,0,0,0,0,0,0,0,0,0,0,0,0,0,0,0,0,0,210269
   Línea Express,PÚENTE INTERNACIONAL,2024,ENERO,103178,0,0,0,0,0,0,0,0,0,0,0,0,0,103178,0,0,0
Juárez-Lincoln,PÚENTE INTERNACIONAL,2024,ENERO,263356,713,17,2901,0,534,17,92,4,0,0,0,0,0,267634,3123,0,0
Suchiate II,PÚENTE INTERNACIONAL,2024,ENERO,781,0,52,7,0,610,878,32,9784,1795,3,2,43,0,13987,28,625,0
Chapalilla - Compostela ,CAMINO,2024,FEBRERO,116412,2273,8160,3528,1051,5987,3112,621,7864,3100,105,5,1621,0,153839,844,1,0
Cuauhtemoc-Osiris ,CAMINO,2024,FEBRERO,116314,801,4349,9889,2623,12083,5263,4092,59318,12123,2925,210,25246,0,255236,2114,0,0
Culiacán,PUENTE NACIONAL,2024,FEBRERO,229747,2495,6491,1662,341,6884,2869,488,7814,1086,3,2,425,0,260307,2200,0,0
Sinaloa,PUENTE NACIONAL,2024,FEBRERO,244907,1982,14181,7161,3890,14374,7443,3133,66253,6505,948,75,21026,0,391878,3994,4,0
Pánuco,PUENTE NACIONAL,2024,FEBRERO,129590,8189,7540,1753,22,4223,2951,176,2540,2111,8,3,1602,0,160708,920,30,0
Alvarado,PUENTE NACIONAL,2024,FEBRERO,118284,11322,6878,2694,116,3608,3461,197,2877,1072,19,4,454,0,150986,808,0,0
Papaloapan,PUENTE NACIONAL,2024,FEBRERO,46693,12312,2930,1177,18,3606,3569,153,2596,497,6,20,885,0,74462,7682,780,0
Caracol,PUENTE NACIONAL,2024,FEBRERO,127524,21508,9976,3607,45,5168,2763,319,5412,1276,66,36,8971,0,186671,3002,1840,0
Nautla,PUENTE NACIONAL,2024,FEBRERO,67286,4854,2814,1205,69,3855,2218,346,5686,938,28,3,1134,0,90436,961,0,0
Grijalva,PUENTE NACIONAL,2024,FEBRERO,374478,20127,10671,6990,758,14965,6109,1780,23299,10951,720,145,17241,0,488234,3146,311,0
Usumacinta,PUENTE NACIONAL,2024,FEBRERO,77759,10955,3827,2194,42,5923,4621,1238,18074,7144,758,141,15673,0,148349,1551,326,0
Cadereyta,PUENTE NACIONAL,2024,FEBRERO,135699,4146,412,1281,2,12699,3952,802,9010,2927,230,250,4214,0,175624,728,13,0
La Piedad,PUENTE NACIONAL,2024,FEBRERO,71389,1984,3693,1854,684,6888,5104,676,10604,1598,24,7,288,0,104793,626,0,0
Tecolutla,PUENTE NACIONAL,2024,FEBRERO,86615,15075,3324,1196,66,3834,2428,425,5751,984,34,7,1016,0,120755,497,0,0
San Juan,PUENTE NACIONAL,2024,FEBRERO,44849,85,632,489,219,3074,1093,324,4980,942,110,100,9235,0,66132,1078,1301,0
Tampico,PUENTE NACIONAL,2024,FEBRERO,185669,2849,7635,3232,1745,5003,1774,237,2150,358,37,9,1387,0,212085,1245,21,0
Tlacotalpan,PUENTE NACIONAL,2024,FEBRERO,45473,6145,1479,633,21,821,961,36,398,37,0,1,15,0,56020,678,0,0
Dovalí Jaime,PUENTE NACIONAL,2024,FEBRERO,132764,5995,5034,11470,1177,19934,12481,4756,85944,16928,1588,584,41676,0,340331,1427,261,0
Dovalí Jaime Bis,PUENTE NACIONAL,2024,FEBRERO,16896,2170,28,1,0,645,182,16,1015,18,1,1,20,0,20993,39,0,0
Refineria Lazaro Cárdenas,PUENTE NACIONAL,2024,FEBRERO,1266,41,4,2,0,78,86,7,85,37,1,0,45,0,1652,11,0,0
Matamoros,PÚENTE INTERNACIONAL,2024,FEBRERO,93790,345,1,0,0,73,0,3,0,0,0,0,0,0,94212,159,0,149446
Camargo,PÚENTE INTERNACIONAL,2024,FEBRERO,36361,51,0,0,0,111,78,27,816,2,19,0,1758,0,39223,284,0,3575
Miguel Alemán,PÚENTE INTERNACIONAL,2024,FEBRERO,56713,12,4,59,14,109,92,44,3388,23,1,0,1,0,60460,294,1,22089
Reynosa,PÚENTE INTERNACIONAL,2024,FEBRERO,123972,357,56,382,502,35,11,5,0,0,0,0,0,0,125320,452,0,172590
   Línea Express,PÚENTE INTERNACIONAL,2024,FEBRERO,74506,0,0,0,0,0,0,0,0,0,0,0,0,0,74506,0,0,0
Las Flores,PÚENTE INTERNACIONAL,2024,FEBRERO,44540,36,0,9,0,154,524,19,1053,428,25,18,2379,0,49185,154,16,113170
Ojinaga,PÚENTE INTERNACIONAL,2024,FEBRERO,53517,70,30,117,0,574,148,111,609,10,0,18,11,0,55215,901,4,3155
Rodolfo Robles,PÚENTE INTERNACIONAL,2024,FEBRERO,5688,44149,48,84,0,20,0,0,0,0,0,0,0,6804,56793,4,0,31889
Piedras Negras,PÚENTE INTERNACIONAL,2024,FEBRERO,103742,132,1,0,0,235,1,3,0,0,0,0,0,0,104114,157,0,47147
Acuña,PÚENTE INTERNACIONAL,2024,FEBRERO,136008,410,0,662,0,1315,275,144,3815,29,28,0,0,0,142686,1052,0,9363
Laredo,PÚENTE INTERNACIONAL,2024,FEBRERO,0,0,0,0,0,0,0,0,0,0,0,0,0,0,0,0,0,218205
   Línea Express,PÚENTE INTERNACIONAL,2024,FEBRERO,101440,0,0,0,0,0,0,0,0,0,0,0,0,0,101440,0,0,0
Juárez-Lincoln,PÚENTE INTERNACIONAL,2024,FEBRERO,245356,927,17,1262,1070,329,13,68,5,0,0,0,0,0,249047,1648,0,0
Suchiate II,PÚENTE INTERNACIONAL,2024,FEBRERO,1295,1,160,12,0,808,1015,41,9823,1727,29,2,95,0,15008,32,7,0
Chapalilla - Compostela ,CAMINO,2024,MARZO,148961,2834,9275,1896,6,6659,5378,630,7533,3239,79,2,1348,0,187840,1077,0,0
Cuauhtemoc-Osiris ,CAMINO,2024,MARZO,135807,827,5043,7361,0,13650,10417,4674,61802,11789,3087,180,25329,0,279966,2472,2,0
Culiacán,PUENTE NACIONAL,2024,MARZO,250515,2817,6608,713,10,7291,4285,531,7970,1201,4,0,692,0,282637,2679,0,0
Sinaloa,PUENTE NACIONAL,2024,MARZO,287074,1871,13869,5458,41,15180,15386,3603,69531,7254,1009,80,22549,0,442905,5974,6,0
Pánuco,PUENTE NACIONAL,2024,MARZO,145488,9355,8165,136,2,4993,3272,153,2393,2231,13,3,2268,0,178472,1239,64,0
Alvarado,PUENTE NACIONAL,2024,MARZO,141467,12333,7845,489,13,4951,4972,186,2834,1035,8,6,303,0,176442,1065,6,0
Papaloapan,PUENTE NACIONAL,2024,MARZO,48110,11874,2811,104,3,3639,3976,145,2393,453,8,13,811,0,74340,5520,672,0
Caracol,PUENTE NACIONAL,2024,MARZO,144531,23972,11438,214,0,7121,5765,345,5888,1301,66,35,11126,0,211802,3166,2622,0
Nautla,PUENTE NACIONAL,2024,MARZO,82278,5704,3171,184,3,4667,2761,381,6275,938,22,3,1181,0,107568,1060,2,0
Grijalva,PUENTE NACIONAL,2024,MARZO,404329,22289,11353,2467,24,16577,10585,1849,23201,10266,717,112,16376,0,520145,3483,264,0
Usumacinta,PUENTE NACIONAL,2024,MARZO,89627,11801,4648,890,9,5384,6400,1172,18071,6462,742,99,14820,0,160125,1815,256,0
Cadereyta,PUENTE NACIONAL,2024,MARZO,147409,4590,452,21,0,11972,5689,1031,9255,2874,222,391,4340,0,188246,825,7,0
La Piedad,PUENTE NACIONAL,2024,MARZO,71926,2171,3974,854,0,6959,6501,552,10980,1477,28,5,279,0,105706,512,0,0
Tecolutla,PUENTE NACIONAL,2024,MARZO,113574,15997,4121,363,0,4523,2796,442,6255,1041,24,3,1059,0,150198,546,2,0
San Juan,PUENTE NACIONAL,2024,MARZO,48389,182,628,244,0,2939,2181,297,5126,949,95,129,8492,0,69651,1241,1000,0
Tampico,PUENTE NACIONAL,2024,MARZO,233065,3259,8783,2722,0,6367,3818,285,2390,266,23,4,1745,0,262727,1375,10,0
Tlacotalpan,PUENTE NACIONAL,2024,MARZO,45557,5196,1436,42,0,1271,1198,22,545,42,0,0,17,0,55326,488,0,0
Dovalí Jaime,PUENTE NACIONAL,2024,MARZO,174380,6643,6225,2545,11,21647,25967,4963,91493,17861,1529,1041,44305,0,398610,1697,309,0
Dovalí Jaime Bis,PUENTE NACIONAL,2024,MARZO,14336,2133,10,2,0,579,161,16,1077,17,0,0,32,0,18363,27,0,0
Refineria Lazaro Cárdenas,PUENTE NACIONAL,2024,MARZO,1426,67,6,0,0,106,87,6,68,54,3,0,42,0,1865,10,0,0
Matamoros,PÚENTE INTERNACIONAL,2024,MARZO,97606,333,0,0,0,83,3,3,0,0,0,0,0,0,98028,182,0,158912
Camargo,PÚENTE INTERNACIONAL,2024,MARZO,39750,65,0,0,0,49,118,18,789,2,5,0,1839,0,42635,372,0,4119
Miguel Alemán,PÚENTE INTERNACIONAL,2024,MARZO,59466,24,8,78,0,93,113,38,3530,23,2,0,0,0,63375,347,0,27442
Reynosa,PÚENTE INTERNACIONAL,2024,MARZO,147224,350,129,1061,3,55,12,7,0,0,0,0,0,0,148841,404,0,183945
   Línea Express,PÚENTE INTERNACIONAL,2024,MARZO,79075,0,0,0,0,0,0,0,0,0,0,0,0,0,79075,0,0,0
Las Flores,PÚENTE INTERNACIONAL,2024,MARZO,48843,59,0,0,0,98,447,23,1022,410,23,10,2772,0,53707,234,15,138591
Ojinaga,PÚENTE INTERNACIONAL,2024,MARZO,62809,109,34,137,1,706,119,152,541,8,6,20,7,0,64649,1507,5,4290
Rodolfo Robles,PÚENTE INTERNACIONAL,2024,MARZO,6578,45721,47,49,0,25,1,0,0,0,0,0,0,7009,59430,9,0,30612
Piedras Negras,PÚENTE INTERNACIONAL,2024,MARZO,109433,117,2,0,0,238,0,3,0,0,0,0,0,0,109793,206,0,56015
Acuña,PÚENTE INTERNACIONAL,2024,MARZO,142871,531,1,0,0,1421,846,142,3789,32,23,1,0,0,149657,1240,0,10234
Laredo,PÚENTE INTERNACIONAL,2024,MARZO,0,0,0,0,0,0,0,0,0,0,0,0,0,0,0,0,0,243892
   Línea Express,PÚENTE INTERNACIONAL,2024,MARZO,117868,0,0,0,0,0,0,0,0,0,0,0,0,0,117868,0,0,0
Juárez-Lincoln,PÚENTE INTERNACIONAL,2024,MARZO,254419,1119,25,2659,0,381,49,64,3,0,0,0,0,0,258719,1663,0,0
Suchiate II,PÚENTE INTERNACIONAL,2024,MARZO,1378,0,178,7,0,848,904,73,9198,1633,27,3,95,0,14344,44,5,0
Chapalilla - Compostela ,CAMINO,2024,ABRIL,74146,1994,4193,832,5,3839,4590,346,3490,1426,22,1,232,0,95116,539,0,0
Cuauhtemoc-Osiris ,CAMINO,2024,ABRIL,134638,813,5306,7044,0,14262,10759,4457,62449,12615,3017,184,25865,0,281409,2368,2,0
Culiacán,PUENTE NACIONAL,2024,ABRIL,228249,2477,6504,640,19,7886,4506,526,7957,1593,2,5,768,0,261132,2281,0,0
Sinaloa,PUENTE NACIONAL,2024,ABRIL,250209,1638,11803,5293,30,15710,15035,3904,70053,7782,1061,74,20486,0,403078,3989,21,0
Pánuco,PUENTE NACIONAL,2024,ABRIL,137263,9201,8027,108,9,5086,2639,199,2270,2159,9,7,1764,0,168741,1163,23,0
Alvarado,PUENTE NACIONAL,2024,ABRIL,127246,12063,7803,412,8,4944,6397,288,2969,1207,23,17,512,0,163889,1000,26,0
Papaloapan,PUENTE NACIONAL,2024,ABRIL,54133,13277,3406,132,0,4331,4952,126,2487,458,17,4,921,0,84244,4819,640,0
Caracol,PUENTE NACIONAL,2024,ABRIL,134495,22942,11177,207,0,6722,5627,336,5133,1293,99,40,11068,0,199139,2358,2142,0
Nautla,PUENTE NACIONAL,2024,ABRIL,75582,5398,2983,180,2,4963,2916,351,5691,1121,17,5,1023,0,100232,1225,1,0
Grijalva,PUENTE NACIONAL,2024,ABRIL,396545,22708,11532,2406,27,17511,10892,1732,23300,10411,708,117,17249,0,515138,3705,326,0
Usumacinta,PUENTE NACIONAL,2024,ABRIL,84279,11565,4163,767,10,5606,5783,968,17339,6300,767,94,15112,0,152753,1730,372,0
Cadereyta,PUENTE NACIONAL,2024,ABRIL,141087,4276,406,29,1,12090,6095,663,9876,2195,216,260,4330,0,181524,645,34,0
La Piedad,PUENTE NACIONAL,2024,ABRIL,69026,2204,3906,834,0,7115,7707,666,10623,1721,32,6,363,0,104203,585,0,0
Tecolutla,PUENTE NACIONAL,2024,ABRIL,99387,15583,4002,352,0,4563,3029,430,5620,1263,21,3,916,0,135169,663,1,0
San Juan,PUENTE NACIONAL,2024,ABRIL,43985,141,647,237,0,2965,1980,318,4577,853,105,119,9135,0,65062,1248,1123,0
Tampico,PUENTE NACIONAL,2024,ABRIL,202596,3101,8181,2565,0,6264,3866,238,2454,373,43,7,1649,0,231337,1284,5,0
Tlacotalpan,PUENTE NACIONAL,2024,ABRIL,40685,5014,1442,39,0,1203,1298,43,535,82,0,3,27,0,50371,428,0,0
Dovalí Jaime,PUENTE NACIONAL,2024,ABRIL,176700,5944,5720,2411,28,22156,25811,6554,88767,17079,1370,2146,45073,0,399759,1720,298,0
Dovalí Jaime Bis,PUENTE NACIONAL,2024,ABRIL,13165,1731,12,0,0,407,61,20,1025,14,0,0,12,0,16447,7,0,0
Refineria Lazaro Cárdenas,PUENTE NACIONAL,2024,ABRIL,1831,70,2,1,0,126,99,14,96,77,3,1,95,0,2415,2,0,0
Matamoros,PÚENTE INTERNACIONAL,2024,ABRIL,103089,379,7,0,0,88,1,1,0,0,0,0,0,0,103565,213,0,158234
Camargo,PÚENTE INTERNACIONAL,2024,ABRIL,37565,48,0,0,0,54,147,27,898,8,8,1,2020,0,40776,343,0,4679
Miguel Alemán,PÚENTE INTERNACIONAL,2024,ABRIL,59179,22,6,72,0,107,125,36,3334,31,3,0,0,0,62915,365,0,29474
Reynosa,PÚENTE INTERNACIONAL,2024,ABRIL,148942,388,54,1067,0,66,12,7,1,0,0,0,0,0,150537,430,0,181262
   Línea Express,PÚENTE INTERNACIONAL,2024,ABRIL,82853,0,0,0,0,0,0,0,0,0,0,0,0,0,82853,0,0,0
Las Flores,PÚENTE INTERNACIONAL,2024,ABRIL,46315,45,0,0,0,101,417,31,899,489,43,13,2696,0,51049,174,16,102487
Ojinaga,PÚENTE INTERNACIONAL,2024,ABRIL,59935,47,24,121,0,679,148,151,671,23,6,20,13,0,61838,1365,10,3797
Rodolfo Robles,PÚENTE INTERNACIONAL,2024,ABRIL,5476,45673,44,40,1,12,0,0,0,0,0,0,0,7297,58543,2,0,28113
Piedras Negras,PÚENTE INTERNACIONAL,2024,ABRIL,108180,177,2,0,0,207,0,5,0,0,0,0,0,0,108571,118,0,50402
Acuña,PÚENTE INTERNACIONAL,2024,ABRIL,140051,467,0,0,0,1441,824,142,4214,28,25,1,0,0,147193,1188,0,8898
Laredo,PÚENTE INTERNACIONAL,2024,ABRIL,0,0,0,0,0,0,0,0,0,0,0,0,0,0,0,0,0,234731
   Línea Express,PÚENTE INTERNACIONAL,2024,ABRIL,107064,0,0,0,0,0,0,0,0,0,0,0,0,0,107064,0,0,0
Juárez-Lincoln,PÚENTE INTERNACIONAL,2024,ABRIL,250009,1335,19,2605,0,379,65,78,10,0,0,0,0,0,254500,1762,0,0
Suchiate II,PÚENTE INTERNACIONAL,2024,ABRIL,1044,0,100,4,0,915,986,69,11250,1935,29,3,85,0,16420,44,4,0
Chapalilla - Compostela ,CAMINO,2024,MAYO,64648,2024,3878,698,0,3664,2956,308,2856,1082,16,0,152,0,82282,449,1,0
Cuauhtemoc-Osiris ,CAMINO,2024,MAYO,125693,1751,5361,6964,0,15114,12179,4891,64746,13243,3005,175,25799,0,278921,2487,5,0
Culiacán,PUENTE NACIONAL,2024,MAYO,240272,3042,6575,624,18,7677,4279,514,7751,1389,0,2,573,0,272716,2254,1,0
Sinaloa,PUENTE NACIONAL,2024,MAYO,243026,2049,11059,5473,35,15601,14317,3596,69751,6740,1134,69,18762,0,391612,3629,22,0
Pánuco,PUENTE NACIONAL,2024,MAYO,138889,10190,7863,74,38,5491,2641,181,2497,2276,5,0,1456,0,171601,1289,7,0
Alvarado,PUENTE NACIONAL,2024,MAYO,130305,12793,8081,449,2,5111,4513,259,2946,1349,12,9,584,0,166413,898,24,0
Papaloapan,PUENTE NACIONAL,2024,MAYO,51634,12752,3397,149,0,3978,4309,141,2163,305,6,5,678,0,79517,2325,255,0
Caracol,PUENTE NACIONAL,2024,MAYO,145546,24008,12087,221,0,7350,6271,372,5457,1582,141,45,10853,0,213933,1802,1393,0
Nautla,PUENTE NACIONAL,2024,MAYO,73964,5857,3123,162,0,4781,2771,377,5722,1098,21,4,1059,0,98939,1128,1,0
Grijalva,PUENTE NACIONAL,2024,MAYO,406901,22728,11650,2311,21,17702,11219,1662,23321,10047,649,117,16780,0,525108,3588,233,0
Usumacinta,PUENTE NACIONAL,2024,MAYO,82671,12033,4130,681,8,5647,6654,826,17166,5338,645,91,14874,0,150764,1720,256,0
Cadereyta,PUENTE NACIONAL,2024,MAYO,148594,4782,475,29,0,12324,6182,810,10168,2899,244,292,4190,0,190989,837,19,0
La Piedad,PUENTE NACIONAL,2024,MAYO,73445,2165,4079,867,0,7301,8011,631,10924,1831,26,5,361,0,109646,550,0,0
Tecolutla,PUENTE NACIONAL,2024,MAYO,97941,16985,4058,430,1,5149,3502,442,5730,1177,15,2,1030,0,136462,631,0,0
San Juan,PUENTE NACIONAL,2024,MAYO,37494,118,636,250,0,3073,1855,269,4616,783,52,82,9279,0,58507,982,1279,0
Tampico,PUENTE NACIONAL,2024,MAYO,214617,3545,8010,2415,0,6337,3989,247,2570,389,23,11,1843,0,243996,1510,8,0
Tlacotalpan,PUENTE NACIONAL,2024,MAYO,41868,5394,1629,51,0,1278,1394,37,503,77,0,0,29,0,52260,452,0,0
Dovalí Jaime,PUENTE NACIONAL,2024,MAYO,187454,6227,6564,2255,22,23449,27031,5961,94974,16562,1203,1512,45352,0,418566,1840,224,0
Dovalí Jaime Bis,PUENTE NACIONAL,2024,MAYO,10118,1621,12,4,0,394,62,23,600,70,0,0,17,0,12921,19,0,0
Refineria Lazaro Cárdenas,PUENTE NACIONAL,2024,MAYO,1960,74,5,2,0,165,136,13,328,42,2,2,70,0,2799,10,0,0
Matamoros,PÚENTE INTERNACIONAL,2024,MAYO,96622,436,1,0,0,79,0,4,0,0,0,0,0,0,97142,193,0,159514
Camargo,PÚENTE INTERNACIONAL,2024,MAYO,37904,45,1,0,0,57,176,23,1042,17,12,0,1894,0,41171,278,9,4236
Miguel Alemán,PÚENTE INTERNACIONAL,2024,MAYO,60820,14,3,71,0,117,135,45,3480,34,1,0,0,0,64720,255,0,28329
Reynosa,PÚENTE INTERNACIONAL,2024,MAYO,139339,394,88,994,1,70,6,5,0,0,0,0,0,0,140897,463,0,184518
   Línea Express,PÚENTE INTERNACIONAL,2024,MAYO,83318,0,0,0,0,0,0,0,0,0,0,0,0,0,83318,0,0,0
Las Flores,PÚENTE INTERNACIONAL,2024,MAYO,47495,43,0,0,0,68,632,20,1242,514,37,9,1580,0,51640,154,15,99022
Ojinaga,PÚENTE INTERNACIONAL,2024,MAYO,62042,59,29,122,2,664,174,113,652,12,8,29,14,0,63920,1166,2,3664
Rodolfo Robles,PÚENTE INTERNACIONAL,2024,MAYO,5435,47909,38,53,0,11,0,0,0,0,0,0,1,7842,61289,0,0,28942
Piedras Negras,PÚENTE INTERNACIONAL,2024,MAYO,107387,153,0,0,0,166,0,0,0,0,0,0,0,0,107706,124,0,51355
Acuña,PÚENTE INTERNACIONAL,2024,MAYO,146551,476,0,0,1,1539,992,151,4822,30,25,1,0,0,154588,1107,0,8436
Laredo,PÚENTE INTERNACIONAL,2024,MAYO,0,0,0,0,0,0,0,0,0,0,0,0,0,0,0,0,0,232163
   Línea Express,PÚENTE INTERNACIONAL,2024,MAYO,116549,0,0,0,0,0,0,0,0,0,0,0,0,0,116549,0,0,0
Juárez-Lincoln,PÚENTE INTERNACIONAL,2024,MAYO,262469,1374,11,2688,0,335,30,69,5,0,0,0,1,0,266982,1561,0,0
Suchiate II,PÚENTE INTERNACIONAL,2024,MAYO,1180,0,177,8,0,851,988,59,10218,1666,25,2,79,0,15253,36,2,0
Chapalilla - Compostela ,CAMINO,2024,JUNIO,63098,4526,3370,619,1,3527,2999,255,2384,962,10,1,131,0,81883,471,0,0
Cuauhtemoc-Osiris ,CAMINO,2024,JUNIO,125447,1112,5018,6585,0,14466,13604,5113,63925,12734,2828,214,26157,0,277203,2334,0,0
Culiacán,PUENTE NACIONAL,2024,JUNIO,229323,2990,5760,642,19,7159,3754,519,6146,1017,4,1,566,0,257900,2343,2,0
Sinaloa,PUENTE NACIONAL,2024,JUNIO,244687,1557,10601,5218,37,14938,13432,3710,65689,6850,1248,76,17759,0,385802,3990,21,0
Pánuco,PUENTE NACIONAL,2024,JUNIO,127401,8653,7311,65,35,5010,2322,210,2588,2372,18,15,1008,0,157008,1400,8,0
Alvarado,PUENTE NACIONAL,2024,JUNIO,117504,12580,7472,440,1,4794,3671,238,2809,1214,20,19,471,0,151233,801,17,0
Papaloapan,PUENTE NACIONAL,2024,JUNIO,47431,11978,3009,124,2,3866,3141,147,1905,268,10,3,604,0,72488,1081,9,0
Caracol,PUENTE NACIONAL,2024,JUNIO,135462,23550,11435,165,0,6730,5162,354,4913,1146,43,26,9472,0,198458,558,13,0
Nautla,PUENTE NACIONAL,2024,JUNIO,68645,5197,2841,162,0,4390,2662,375,5067,1016,25,5,907,0,91292,1107,5,0
Grijalva,PUENTE NACIONAL,2024,JUNIO,376770,21661,10748,1831,14,17093,10849,1637,21730,9141,686,120,15943,0,488223,3191,139,0
Usumacinta,PUENTE NACIONAL,2024,JUNIO,73984,11276,3853,566,5,5139,6017,788,15275,4632,676,94,13497,0,135802,1434,170,0
Cadereyta,PUENTE NACIONAL,2024,JUNIO,139333,4622,394,18,0,11031,5634,607,8571,2640,261,246,4234,0,177591,611,49,0
La Piedad,PUENTE NACIONAL,2024,JUNIO,73542,2028,3877,820,0,6886,6517,599,10430,1809,41,11,327,0,106887,555,0,0
Tecolutla,PUENTE NACIONAL,2024,JUNIO,85499,16462,3728,369,1,4346,2712,384,4947,1088,21,2,795,0,120354,507,5,0
San Juan,PUENTE NACIONAL,2024,JUNIO,41588,118,612,236,0,2806,1649,235,4229,545,44,106,7811,0,59979,818,854,0
Tampico,PUENTE NACIONAL,2024,JUNIO,191922,3058,7509,2193,0,6212,3141,244,2613,412,20,8,1694,0,219026,1267,5,0
Tlacotalpan,PUENTE NACIONAL,2024,JUNIO,38699,5734,1569,20,0,1245,798,38,191,46,0,0,23,0,48363,396,0,0
Dovalí Jaime,PUENTE NACIONAL,2024,JUNIO,173234,5969,5130,1862,15,23057,25414,5971,90116,16457,1459,1231,43341,0,393256,1811,171,0
Dovalí Jaime Bis,PUENTE NACIONAL,2024,JUNIO,11424,1834,14,0,0,475,105,23,1107,20,1,0,27,0,15030,27,0,0
Refineria Lazaro Cárdenas,PUENTE NACIONAL,2024,JUNIO,1866,56,5,0,0,146,121,9,103,68,0,3,36,0,2413,20,0,0
Matamoros,PÚENTE INTERNACIONAL,2024,JUNIO,92759,357,4,0,0,89,1,1,0,0,0,0,0,0,93211,188,0,140843
Camargo,PÚENTE INTERNACIONAL,2024,JUNIO,32907,38,1,0,0,65,219,28,1022,51,15,1,1790,0,36137,245,0,2086
Miguel Alemán,PÚENTE INTERNACIONAL,2024,JUNIO,51061,16,0,55,0,99,72,37,2900,28,1,0,1,0,54270,264,1,12145
Reynosa,PÚENTE INTERNACIONAL,2024,JUNIO,133869,394,48,983,0,72,8,10,0,0,0,0,0,0,135384,461,0,156363
   Línea Express,PÚENTE INTERNACIONAL,2024,JUNIO,70281,0,0,0,0,0,0,0,0,0,0,0,0,0,70281,0,0,0
Las Flores,PÚENTE INTERNACIONAL,2024,JUNIO,43503,34,0,0,0,70,1244,29,1043,451,19,12,960,0,47365,134,15,87413
Ojinaga,PÚENTE INTERNACIONAL,2024,JUNIO,60639,26,28,133,1,700,151,122,649,6,1,38,14,0,62508,1243,5,3283
Rodolfo Robles,PÚENTE INTERNACIONAL,2024,JUNIO,5446,44427,33,23,0,6,3,0,0,0,0,0,0,7863,57801,2,0,33405
Piedras Negras,PÚENTE INTERNACIONAL,2024,JUNIO,103723,108,0,0,0,171,1,5,0,0,0,0,0,0,104008,108,0,43162
Acuña,PÚENTE INTERNACIONAL,2024,JUNIO,134589,366,0,0,0,1357,964,140,4352,31,16,0,0,0,141815,1058,0,7951
Laredo,PÚENTE INTERNACIONAL,2024,JUNIO,0,0,0,0,0,0,0,0,0,0,0,0,0,0,0,0,0,211524
   Línea Express,PÚENTE INTERNACIONAL,2024,JUNIO,113227,0,0,0,0,0,0,0,0,0,0,0,0,0,113227,0,0,0
Juárez-Lincoln,PÚENTE INTERNACIONAL,2024,JUNIO,239454,1061,10,2711,1,313,69,72,6,0,0,0,0,0,243697,1591,0,0
Suchiate II,PÚENTE INTERNACIONAL,2024,JUNIO,1128,0,189,6,0,862,1006,58,9526,1589,17,0,70,0,14451,24,4,0
Chapalilla - Compostela ,CAMINO,2024,JULIO,70024,2129,3353,628,0,3711,5025,235,1967,965,25,3,106,0,88171,501,0,0
Cuauhtemoc-Osiris ,CAMINO,2024,JULIO,145196,705,5603,7416,0,15244,15534,4835,64872,13196,2773,178,27612,0,303164,2642,0,0
Culiacán,PUENTE NACIONAL,2024,JULIO,239239,3194,5968,741,23,7384,4036,426,5877,951,0,1,701,0,268541,2454,2,0
Sinaloa,PUENTE NACIONAL,2024,JULIO,277088,2364,11101,6118,27,15974,13154,3225,63564,6818,1335,77,16377,0,417222,3895,8,0
Pánuco,PUENTE NACIONAL,2024,JULIO,135416,8923,8082,162,22,5072,2219,205,2359,2533,15,9,1088,0,166105,1089,6,0
Alvarado,PUENTE NACIONAL,2024,JULIO,128414,12335,8147,643,1,4992,3834,205,2561,1219,10,12,511,0,162884,934,10,0
Papaloapan,PUENTE NACIONAL,2024,JULIO,70253,14077,3191,147,15,4735,2607,147,1737,259,19,7,684,0,97878,824,11,0
Caracol,PUENTE NACIONAL,2024,JULIO,125652,22349,11950,229,1,6854,4540,342,5142,1058,45,25,10423,0,188610,548,0,0
Nautla,PUENTE NACIONAL,2024,JULIO,72940,5510,2864,186,0,4670,2436,337,5016,860,11,6,818,0,95654,1110,0,0
Grijalva,PUENTE NACIONAL,2024,JULIO,404542,23044,12411,1999,29,17923,11354,1755,22424,10787,692,161,17169,0,524290,3317,114,0
Usumacinta,PUENTE NACIONAL,2024,JULIO,85057,11922,5318,818,9,5496,6600,857,15838,4532,631,92,13240,0,150410,1571,114,0
Cadereyta,PUENTE NACIONAL,2024,JULIO,146387,4910,548,37,0,11974,6643,752,9580,2609,211,294,4471,0,188416,644,16,0
La Piedad,PUENTE NACIONAL,2024,JULIO,79273,2248,3937,867,0,6965,6601,591,10314,1775,43,7,321,0,112942,615,0,0
Tecolutla,PUENTE NACIONAL,2024,JULIO,95680,17475,3560,319,0,4223,2308,369,4868,890,16,7,752,0,130467,650,0,0
San Juan,PUENTE NACIONAL,2024,JULIO,46631,176,436,255,0,2871,1726,235,4079,683,62,122,8378,0,65654,964,951,0
Tampico,PUENTE NACIONAL,2024,JULIO,240380,3620,9152,2895,0,6516,3131,246,2555,453,47,7,1807,0,270809,1329,7,0
Tlacotalpan,PUENTE NACIONAL,2024,JULIO,42577,5374,1646,58,2,1262,615,36,191,37,0,0,99,0,51897,475,0,0
Dovalí Jaime,PUENTE NACIONAL,2024,JULIO,201213,6436,7147,2961,20,22721,26312,5347,91466,18131,1604,737,44636,0,428731,1938,119,0
Dovalí Jaime Bis,PUENTE NACIONAL,2024,JULIO,11755,2067,10,3,0,534,129,51,1348,15,0,0,35,0,15947,18,0,0
Refineria Lazaro Cárdenas,PUENTE NACIONAL,2024,JULIO,2171,92,3,1,0,173,146,7,147,68,1,0,58,0,2867,27,0,0
Matamoros,PÚENTE INTERNACIONAL,2024,JULIO,91106,349,1,0,0,79,1,2,0,0,0,0,0,0,91538,199,0,147176
Camargo,PÚENTE INTERNACIONAL,2024,JULIO,34490,26,0,0,0,64,225,32,961,86,17,2,2004,0,37907,282,0,1966
Miguel Alemán,PÚENTE INTERNACIONAL,2024,JULIO,52562,13,2,57,0,114,134,40,3153,19,2,0,0,0,56096,221,0,10228
Reynosa,PÚENTE INTERNACIONAL,2024,JULIO,142024,423,79,996,4,71,8,3,1,0,0,0,0,0,143609,526,0,167600
   Línea Express,PÚENTE INTERNACIONAL,2024,JULIO,71971,0,0,0,0,0,0,0,0,0,0,0,0,0,71971,0,0,0
Las Flores,PÚENTE INTERNACIONAL,2024,JULIO,46092,36,0,1,0,70,2249,35,1066,592,32,22,1387,0,51582,173,25,87549
Ojinaga,PÚENTE INTERNACIONAL,2024,JULIO,66062,33,20,145,0,729,172,185,838,14,12,32,14,0,68256,1731,6,4442
Rodolfo Robles,PÚENTE INTERNACIONAL,2024,JULIO,5647,48794,43,23,0,12,1,0,0,0,0,0,0,8145,62665,0,0,34584
Piedras Negras,PÚENTE INTERNACIONAL,2024,JULIO,103921,78,0,0,0,152,1,2,0,0,0,0,0,0,104154,162,0,55114
Acuña,PÚENTE INTERNACIONAL,2024,JULIO,139682,414,1,0,0,1358,1006,127,4043,28,26,0,0,0,146685,1148,0,7979
Laredo,PÚENTE INTERNACIONAL,2024,JULIO,0,0,0,0,0,0,0,0,0,0,0,0,0,0,0,0,0,233089
   Línea Express,PÚENTE INTERNACIONAL,2024,JULIO,104681,0,0,0,0,0,0,0,0,0,0,0,0,0,104681,0,0,0
Juárez-Lincoln,PÚENTE INTERNACIONAL,2024,JULIO,247477,1241,23,3039,0,295,87,59,4,0,0,0,0,0,252225,1689,0,0
Suchiate II,PÚENTE INTERNACIONAL,2024,JULIO,1083,0,174,3,0,896,966,50,10229,1703,18,2,100,0,15224,37,0,0
Chapalilla - Compostela ,CAMINO,2024,AGOSTO,68953,3005,3258,520,3,3492,3407,179,1936,872,11,1,110,0,85747,521,0,0
Cuauhtemoc-Osiris ,CAMINO,2024,AGOSTO,141602,1110,5783,7308,0,15544,15723,5715,67559,14119,3126,179,26378,0,304146,2358,2,0
Culiacán,PUENTE NACIONAL,2024,AGOSTO,226768,2588,5945,705,30,6954,3746,333,5291,879,3,3,576,0,253821,2584,0,0
Sinaloa,PUENTE NACIONAL,2024,AGOSTO,263219,2409,10901,5648,17,15477,12683,3189,66135,6411,1164,66,16327,0,403646,3817,10,0
Pánuco,PUENTE NACIONAL,2024,AGOSTO,130067,9481,7953,146,47,4993,2481,167,2436,2548,20,9,1035,0,161383,1014,1,0
Alvarado,PUENTE NACIONAL,2024,AGOSTO,135326,13008,8468,549,2,5393,3850,153,2454,864,13,9,283,0,170372,898,4,0
Papaloapan,PUENTE NACIONAL,2024,AGOSTO,131474,23106,7894,257,11,7769,3896,304,2909,490,21,14,2352,0,180497,1175,10,0
Caracol,PUENTE NACIONAL,2024,AGOSTO,59934,14770,6726,118,0,4232,3114,248,3996,758,32,24,8065,0,102017,410,0,0
Nautla,PUENTE NACIONAL,2024,AGOSTO,80231,6598,2951,166,1,4753,2498,394,5223,855,11,1,844,0,104526,1199,2,0
Grijalva,PUENTE NACIONAL,2024,AGOSTO,411490,23940,13079,1791,65,17784,12011,1714,22843,10574,670,95,16234,0,532290,3481,78,0
Usumacinta,PUENTE NACIONAL,2024,AGOSTO,87185,12594,5293,710,1,5420,6969,803,15932,4738,596,55,12349,0,152645,1618,48,0
Cadereyta,PUENTE NACIONAL,2024,AGOSTO,149904,5203,515,20,0,11817,6735,674,9324,2368,189,277,4668,0,191694,743,21,0
La Piedad,PUENTE NACIONAL,2024,AGOSTO,73969,2593,3942,793,0,6828,6751,610,10607,1563,20,7,283,0,107966,574,0,0
Tecolutla,PUENTE NACIONAL,2024,AGOSTO,99513,18354,3805,329,1,4186,2363,452,5148,947,17,0,782,0,135897,719,3,0
San Juan,PUENTE NACIONAL,2024,AGOSTO,45919,159,514,244,0,2743,1624,214,3907,607,74,149,7924,0,64078,1037,1025,0
Tampico,PUENTE NACIONAL,2024,AGOSTO,246690,3910,9221,2916,0,6545,3334,241,2429,448,29,5,1589,0,277357,1325,3,0
Tlacotalpan,PUENTE NACIONAL,2024,AGOSTO,46606,5496,1962,72,0,1349,621,60,215,37,1,0,29,0,56448,502,0,0
Dovalí Jaime,PUENTE NACIONAL,2024,AGOSTO,201139,6356,7163,3233,32,23008,25967,5258,93097,17596,1575,681,45268,0,430373,2056,48,0
Dovalí Jaime Bis,PUENTE NACIONAL,2024,AGOSTO,12267,2249,8,0,0,563,388,37,1097,50,0,0,57,0,16716,24,0,0
Refineria Lazaro Cárdenas,PUENTE NACIONAL,2024,AGOSTO,3008,65,11,1,0,262,192,22,134,75,1,7,51,0,3829,21,0,0
Matamoros,PÚENTE INTERNACIONAL,2024,AGOSTO,93969,371,0,0,0,63,0,1,0,0,0,0,0,0,94404,206,0,157058
Camargo,PÚENTE INTERNACIONAL,2024,AGOSTO,36065,47,0,0,0,69,140,25,742,14,11,2,1765,0,38880,253,0,2882
Miguel Alemán,PÚENTE INTERNACIONAL,2024,AGOSTO,58327,10,1,71,0,110,155,41,3296,24,0,0,0,0,62035,268,0,16703
Reynosa,PÚENTE INTERNACIONAL,2024,AGOSTO,136075,507,64,988,2,63,8,9,0,0,0,0,0,0,137716,521,0,182217
   Línea Express,PÚENTE INTERNACIONAL,2024,AGOSTO,82277,0,0,0,0,0,0,0,0,0,0,0,0,0,82277,0,0,0
Las Flores,PÚENTE INTERNACIONAL,2024,AGOSTO,45481,42,0,0,0,101,3264,33,999,398,40,33,1564,0,51955,164,43,85011
Ojinaga,PÚENTE INTERNACIONAL,2024,AGOSTO,62570,21,15,147,0,693,168,162,802,5,39,22,5,0,64649,1458,0,3535
Rodolfo Robles,PÚENTE INTERNACIONAL,2024,AGOSTO,5144,48740,41,48,0,5,0,0,0,0,0,0,0,8021,61999,3,0,34795
Piedras Negras,PÚENTE INTERNACIONAL,2024,AGOSTO,106269,110,0,0,0,154,0,3,0,0,0,0,0,0,106536,125,0,48990
Acuña,PÚENTE INTERNACIONAL,2024,AGOSTO,143387,411,0,0,0,1448,936,157,3995,42,22,0,0,0,150398,1173,0,8013
Laredo,PÚENTE INTERNACIONAL,2024,AGOSTO,0,0,0,0,0,0,0,0,0,0,0,0,0,0,0,0,0,233582
   Línea Express,PÚENTE INTERNACIONAL,2024,AGOSTO,118451,0,0,0,0,0,0,0,0,0,0,0,0,0,118451,0,0,0
Juárez-Lincoln,PÚENTE INTERNACIONAL,2024,AGOSTO,257224,1327,25,2904,0,334,75,69,5,0,0,1,1,0,261965,1637,11,0
Suchiate II,PÚENTE INTERNACIONAL,2024,AGOSTO,1190,0,165,8,0,900,1043,70,10416,1575,19,3,81,0,15470,33,0,0
Chapalilla - Compostela ,CAMINO,2024,SEPTIEMBRE,65717,3499,2934,719,3,2991,2250,216,1538,727,15,0,94,0,80703,565,10,0
Cuauhtemoc-Osiris ,CAMINO,2024,SEPTIEMBRE,124680,867,5035,6797,0,13829,11584,4953,63251,12846,2521,156,24567,0,271086,2195,0,0
Culiacán,PUENTE NACIONAL,2024,SEPTIEMBRE,133082,1854,4089,776,17,4834,2481,208,3248,491,2,1,456,0,151539,1260,0,0
Sinaloa,PUENTE NACIONAL,2024,SEPTIEMBRE,183162,2279,8947,6041,25,13748,10471,2872,59417,5703,1239,48,15309,0,309261,2708,0,0
Pánuco,PUENTE NACIONAL,2024,SEPTIEMBRE,117433,9584,7449,1242,34,4674,2171,150,2299,2175,18,6,1201,0,148436,877,1,0
Alvarado,PUENTE NACIONAL,2024,SEPTIEMBRE,119244,12016,7856,1502,3,4787,3401,223,2400,885,4,2,236,0,152559,1060,3,0
Papaloapan,PUENTE NACIONAL,2024,SEPTIEMBRE,111511,21396,4841,1284,9,6677,4191,268,3988,677,42,14,2737,0,157635,943,8,0
Caracol,PUENTE NACIONAL,2024,SEPTIEMBRE,60139,14407,8573,1543,0,4173,2972,198,3344,743,23,10,7586,0,103711,394,0,0
Nautla,PUENTE NACIONAL,2024,SEPTIEMBRE,67066,6317,2709,518,2,4168,2143,286,4715,844,15,6,689,0,89478,991,0,0
Grijalva,PUENTE NACIONAL,2024,SEPTIEMBRE,369054,24059,10869,5308,77,16640,12605,1607,21208,8237,612,73,14508,0,484857,3361,55,0
Usumacinta,PUENTE NACIONAL,2024,SEPTIEMBRE,73465,12652,3757,2739,2,5227,7482,823,15382,3810,557,51,10336,0,136283,1529,35,0
Cadereyta,PUENTE NACIONAL,2024,SEPTIEMBRE,142999,5369,652,2336,0,10909,6011,657,8092,1974,181,247,3791,0,183218,696,37,0
La Piedad,PUENTE NACIONAL,2024,SEPTIEMBRE,72182,2490,3893,1991,0,6352,6010,464,9170,1351,9,1,235,0,104148,604,0,0
Tecolutla,PUENTE NACIONAL,2024,SEPTIEMBRE,83849,17717,3326,575,1,3749,2182,350,4731,883,15,7,671,0,118056,543,1,0
San Juan,PUENTE NACIONAL,2024,SEPTIEMBRE,45203,196,742,711,3,2630,1551,269,3543,718,56,143,7971,0,63736,1068,915,0
Tampico,PUENTE NACIONAL,2024,SEPTIEMBRE,211821,3667,7703,2048,0,5939,2962,223,2536,359,13,6,1478,0,238755,1319,0,0
Tlacotalpan,PUENTE NACIONAL,2024,SEPTIEMBRE,42109,5311,1979,132,0,1307,493,34,191,32,0,1,41,0,51630,580,0,0
Dovalí Jaime,PUENTE NACIONAL,2024,SEPTIEMBRE,165493,6719,5540,13474,37,21438,25036,4838,86424,15625,1521,746,41181,0,388072,1932,77,0
Dovalí Jaime Bis,PUENTE NACIONAL,2024,SEPTIEMBRE,14399,2165,17,1,0,558,278,23,1021,45,1,0,159,0,18667,29,4,0
Refineria Lazaro Cárdenas,PUENTE NACIONAL,2024,SEPTIEMBRE,3101,95,25,0,0,253,171,19,122,70,1,4,39,0,3900,24,0,0
Matamoros,PÚENTE INTERNACIONAL,2024,SEPTIEMBRE,77540,280,0,0,0,38,1,1,0,0,0,0,0,0,77860,148,0,131751
Camargo,PÚENTE INTERNACIONAL,2024,SEPTIEMBRE,35780,43,0,93,0,52,197,25,886,32,17,1,1875,0,39001,277,0,3084
Miguel Alemán,PÚENTE INTERNACIONAL,2024,SEPTIEMBRE,58751,9,1,78,1,94,170,37,2973,19,0,0,0,0,62133,247,0,19100
Reynosa,PÚENTE INTERNACIONAL,2024,SEPTIEMBRE,131008,474,82,365,1,79,8,6,0,0,0,0,0,0,132023,502,0,185933
   Línea Express,PÚENTE INTERNACIONAL,2024,SEPTIEMBRE,84387,0,0,0,0,0,0,0,0,0,0,0,0,0,84387,0,0,0
Las Flores,PÚENTE INTERNACIONAL,2024,SEPTIEMBRE,46153,33,0,208,0,89,4038,20,775,355,60,30,1731,0,53492,82,77,83226
Ojinaga,PÚENTE INTERNACIONAL,2024,SEPTIEMBRE,53309,43,21,101,1,582,139,166,480,9,4,31,17,0,54903,999,7,3367
Rodolfo Robles,PÚENTE INTERNACIONAL,2024,SEPTIEMBRE,4762,47722,44,24,0,10,0,0,0,0,0,0,0,7520,60082,6,0,34493
Piedras Negras,PÚENTE INTERNACIONAL,2024,SEPTIEMBRE,103109,151,0,0,0,174,0,4,0,0,0,0,0,0,103438,118,0,46773
Acuña,PÚENTE INTERNACIONAL,2024,SEPTIEMBRE,138529,394,0,628,0,1307,837,138,3771,29,21,2,0,0,145656,1007,0,8061
Laredo,PÚENTE INTERNACIONAL,2024,SEPTIEMBRE,0,0,0,0,0,0,0,0,0,0,0,0,0,0,0,0,0,223672
   Línea Express,PÚENTE INTERNACIONAL,2024,SEPTIEMBRE,121844,0,0,0,0,0,0,0,0,0,0,0,0,0,121844,0,0,0
Juárez-Lincoln,PÚENTE INTERNACIONAL,2024,SEPTIEMBRE,255755,1247,154,1279,0,293,10,55,7,0,0,0,1,0,258801,1413,1,0
Suchiate II,PÚENTE INTERNACIONAL,2024,SEPTIEMBRE,1062,0,173,3,0,825,905,81,9700,1580,26,2,13,0,14370,57,0,0
Chapalilla - Compostela ,CAMINO,2024,OCTUBRE,68614,2829,3051,371,2,3366,2712,211,1537,749,27,1,90,0,83560,536,2,0
Cuauhtemoc-Osiris ,CAMINO,2024,OCTUBRE,115413,802,5009,6461,0,14817,12519,5660,67525,14029,3111,167,26714,0,272227,2198,2,0
Culiacán,PUENTE NACIONAL,2024,OCTUBRE,143045,2137,5036,589,18,6083,3144,313,3708,472,1,1,707,0,165254,1570,0,0
Sinaloa,PUENTE NACIONAL,2024,OCTUBRE,186275,2287,9716,4889,25,15600,12248,3329,65098,6313,1182,69,16307,0,323338,3063,10,0
Pánuco,PUENTE NACIONAL,2024,OCTUBRE,121135,9922,8375,74,30,5003,2440,162,2224,1979,3,5,1131,0,152483,965,1,0
Alvarado,PUENTE NACIONAL,2024,OCTUBRE,112692,11089,8088,460,0,5184,3556,234,2398,991,13,7,452,0,145164,1520,6,0
Papaloapan,PUENTE NACIONAL,2024,OCTUBRE,89541,17625,2988,252,14,5537,3449,218,3394,465,36,10,1273,0,124802,883,6,0
Caracol,PUENTE NACIONAL,2024,OCTUBRE,87195,19518,11302,160,1,6167,4607,278,4560,931,30,8,9392,0,144149,492,0,0
Nautla,PUENTE NACIONAL,2024,OCTUBRE,60394,5291,2752,105,0,4473,2498,355,5119,894,16,3,876,0,82776,894,1,0
Grijalva,PUENTE NACIONAL,2024,OCTUBRE,365693,24417,10538,2087,83,17631,12401,1487,24825,8039,579,77,14639,0,482496,3372,81,0
Usumacinta,PUENTE NACIONAL,2024,OCTUBRE,77280,12525,3756,727,4,6008,7831,844,19667,4134,548,43,11565,0,144932,1715,42,0
Cadereyta,PUENTE NACIONAL,2024,OCTUBRE,146802,5645,752,22,0,12102,6333,780,8901,2252,178,286,3896,0,187949,622,25,0
La Piedad,PUENTE NACIONAL,2024,OCTUBRE,74460,2727,4085,619,0,6793,6782,693,10880,1883,29,7,500,0,109458,560,0,0
Tecolutla,PUENTE NACIONAL,2024,OCTUBRE,78408,16779,3283,182,0,4134,2593,403,5245,940,12,3,859,0,112841,521,1,0
San Juan,PUENTE NACIONAL,2024,OCTUBRE,45931,168,808,250,0,2893,1749,296,3814,588,60,120,8975,0,65652,1170,1036,0
Tampico,PUENTE NACIONAL,2024,OCTUBRE,210688,3667,7986,2455,0,6506,3159,261,3281,404,19,13,2012,0,240451,1439,2,0
Tlacotalpan,PUENTE NACIONAL,2024,OCTUBRE,42294,5227,2382,137,0,1606,623,49,225,42,1,1,35,0,52622,840,0,0
Dovalí Jaime,PUENTE NACIONAL,2024,OCTUBRE,161563,6416,5264,2065,26,22525,26295,5247,93336,14509,1330,964,41547,0,381087,1774,44,0
Dovalí Jaime Bis,PUENTE NACIONAL,2024,OCTUBRE,17811,2213,62,0,0,628,210,34,1115,19,2,1,152,0,22247,19,0,0
Refineria Lazaro Cárdenas,PUENTE NACIONAL,2024,OCTUBRE,3767,198,117,0,0,233,165,18,83,44,1,14,59,0,4699,15,0,0
Matamoros,PÚENTE INTERNACIONAL,2024,OCTUBRE,96732,383,0,0,0,96,0,1,0,0,0,0,0,0,97212,151,0,153294
Camargo,PÚENTE INTERNACIONAL,2024,OCTUBRE,36208,59,0,0,0,63,227,23,1120,19,8,1,2144,0,39872,283,0,3316
Miguel Alemán,PÚENTE INTERNACIONAL,2024,OCTUBRE,61005,52,0,81,0,104,151,37,2965,27,0,0,0,0,64422,228,0,20116
Reynosa,PÚENTE INTERNACIONAL,2024,OCTUBRE,130625,547,71,940,5,56,5,5,0,0,0,0,0,0,132254,534,0,198130
   Línea Express,PÚENTE INTERNACIONAL,2024,OCTUBRE,90466,0,0,0,0,0,0,0,0,0,0,0,0,0,90466,0,0,0
Las Flores,PÚENTE INTERNACIONAL,2024,OCTUBRE,46489,62,0,0,0,96,578,21,970,497,50,19,1861,0,50643,137,45,82312
Ojinaga,PÚENTE INTERNACIONAL,2024,OCTUBRE,56792,63,19,133,2,522,129,141,714,22,2,42,24,0,58605,883,12,2924
Rodolfo Robles,PÚENTE INTERNACIONAL,2024,OCTUBRE,5027,52751,43,22,0,6,0,0,0,0,0,0,0,8235,66084,2,0,37063
Piedras Negras,PÚENTE INTERNACIONAL,2024,OCTUBRE,97602,115,1,0,0,175,0,1,0,0,0,0,0,0,97894,149,0,57325
Acuña,PÚENTE INTERNACIONAL,2024,OCTUBRE,144320,393,0,0,0,1503,852,166,4080,39,29,0,0,0,151382,997,0,9023
Laredo,PÚENTE INTERNACIONAL,2024,OCTUBRE,0,0,0,0,0,0,0,0,0,0,0,0,0,0,0,0,0,240003
   Línea Express,PÚENTE INTERNACIONAL,2024,OCTUBRE,130316,0,0,0,0,0,0,0,0,0,0,0,0,0,130316,0,0,0
Juárez-Lincoln,PÚENTE INTERNACIONAL,2024,OCTUBRE,263068,1406,123,2423,5,340,9,71,11,0,0,0,0,0,267456,1776,0,0
Suchiate II,PÚENTE INTERNACIONAL,2024,OCTUBRE,1070,0,178,11,0,913,940,78,10619,1608,34,2,42,0,15495,50,0,0
Chapalilla - Compostela ,CAMINO,2024,NOVIEMBRE,77589,2694,2949,408,21,3575,2252,202,1460,651,17,1,46,0,91865,540,1,0
Cuauhtemoc-Osiris ,CAMINO,2024,NOVIEMBRE,120003,605,5544,7391,0,14554,11464,5401,65800,12550,3105,213,25657,0,272287,2191,0,0
Culiacán,PUENTE NACIONAL,2024,NOVIEMBRE,166155,2073,5158,509,16,6445,3091,314,3954,506,0,2,624,0,188847,1613,1,0
Sinaloa,PUENTE NACIONAL,2024,NOVIEMBRE,201200,2166,10301,4798,22,15728,12290,3575,65070,6447,1216,82,16977,0,339872,3207,1,0
Pánuco,PUENTE NACIONAL,2024,NOVIEMBRE,133975,10262,8498,97,30,4617,2679,162,2378,2176,10,2,1440,0,166326,914,57,0
Alvarado,PUENTE NACIONAL,2024,NOVIEMBRE,123517,12909,7613,368,0,5240,4282,211,2560,904,11,5,280,0,157900,921,0,0
Papaloapan,PUENTE NACIONAL,2024,NOVIEMBRE,79867,17747,2813,209,7,4538,3165,183,2409,400,33,6,1039,0,112416,1162,109,0
Caracol,PUENTE NACIONAL,2024,NOVIEMBRE,96897,21323,10964,183,0,6020,4635,314,4633,991,45,18,9706,0,155729,594,24,0
Nautla,PUENTE NACIONAL,2024,NOVIEMBRE,63262,5648,2596,98,1,4290,2398,271,4949,797,21,9,838,0,85178,1108,2,0
Grijalva,PUENTE NACIONAL,2024,NOVIEMBRE,377331,24972,10479,1998,111,16991,11398,1730,27460,7898,608,36,15741,0,496753,2917,81,0
Usumacinta,PUENTE NACIONAL,2024,NOVIEMBRE,79342,11955,3990,769,7,5675,6422,977,22268,3902,597,39,12863,0,148806,1372,33,0
Cadereyta,PUENTE NACIONAL,2024,NOVIEMBRE,149717,5664,623,29,0,11762,6213,776,8900,2365,174,232,4217,0,190672,745,17,0
La Piedad,PUENTE NACIONAL,2024,NOVIEMBRE,76485,2481,4033,597,0,7256,6594,620,10181,1633,32,8,340,0,110260,554,0,0
Tecolutla,PUENTE NACIONAL,2024,NOVIEMBRE,81724,19007,3159,196,0,4113,2781,344,5075,928,16,2,813,0,118158,601,2,0
San Juan,PUENTE NACIONAL,2024,NOVIEMBRE,46442,549,716,241,0,2711,1535,253,3811,582,61,175,8476,0,65552,951,1131,0
Tampico,PUENTE NACIONAL,2024,NOVIEMBRE,224364,3967,7740,2594,0,6220,3339,278,3339,346,55,19,1833,0,254094,1347,2,0
Tlacotalpan,PUENTE NACIONAL,2024,NOVIEMBRE,47646,6160,1877,58,0,1551,559,40,353,66,2,0,82,0,58394,716,0,0
Dovalí Jaime,PUENTE NACIONAL,2024,NOVIEMBRE,166169,6899,5258,2231,29,22501,25753,4633,93230,14450,1475,492,41238,0,384358,1902,30,0
Dovalí Jaime Bis,PUENTE NACIONAL,2024,NOVIEMBRE,20326,2500,165,2,0,604,154,33,1132,26,3,1,245,0,25191,31,0,0
Refineria Lazaro Cárdenas,PUENTE NACIONAL,2024,NOVIEMBRE,3233,61,84,1,0,225,148,11,95,61,4,13,62,0,3998,18,0,0
Matamoros,PÚENTE INTERNACIONAL,2024,NOVIEMBRE,96586,356,0,0,0,78,3,2,0,0,0,0,0,0,97025,148,0,153820
Camargo,PÚENTE INTERNACIONAL,2024,NOVIEMBRE,38302,34,0,0,0,77,209,28,1628,10,10,0,1805,0,42103,298,0,3031
Miguel Alemán,PÚENTE INTERNACIONAL,2024,NOVIEMBRE,61178,29,0,76,0,102,140,45,2658,20,1,0,0,0,64249,303,0,18373
Reynosa,PÚENTE INTERNACIONAL,2024,NOVIEMBRE,114738,504,89,960,0,65,4,7,0,1,0,0,0,0,116368,505,0,197448
   Línea Express,PÚENTE INTERNACIONAL,2024,NOVIEMBRE,85019,0,0,0,0,0,0,0,0,0,0,0,0,0,85019,0,0,0
Las Flores,PÚENTE INTERNACIONAL,2024,NOVIEMBRE,49938,62,0,0,0,103,42,25,951,438,35,18,1824,0,53436,141,174,104605
Ojinaga,PÚENTE INTERNACIONAL,2024,NOVIEMBRE,58409,40,19,127,1,633,134,131,719,14,1,22,36,0,60286,1071,22,2977
Rodolfo Robles,PÚENTE INTERNACIONAL,2024,NOVIEMBRE,5330,52633,53,30,0,9,0,0,0,0,0,0,0,8511,66566,0,0,37810
Piedras Negras,PÚENTE INTERNACIONAL,2024,NOVIEMBRE,88609,81,0,0,0,179,0,1,0,0,0,0,0,0,88870,113,0,64737
Acuña,PÚENTE INTERNACIONAL,2024,NOVIEMBRE,135388,371,0,0,0,1364,857,149,3987,39,22,0,0,0,142177,1026,0,9336
Laredo,PÚENTE INTERNACIONAL,2024,NOVIEMBRE,0,0,0,0,0,0,0,0,0,0,0,0,0,0,0,0,0,257290
   Línea Express,PÚENTE INTERNACIONAL,2024,NOVIEMBRE,129670,0,0,0,0,0,0,0,0,0,0,0,0,0,129670,0,0,0
Juárez-Lincoln,PÚENTE INTERNACIONAL,2024,NOVIEMBRE,235637,1277,11,2610,0,312,10,80,11,0,0,0,0,0,239948,1832,0,0
Suchiate II,PÚENTE INTERNACIONAL,2024,NOVIEMBRE,1179,0,196,4,0,969,871,69,10191,1620,23,1,31,0,15154,41,0,0
Chapalilla - Compostela ,CAMINO,2024,DICIEMBRE,85699,2383,3292,435,17,3585,2082,242,1413,592,16,1,98,0,99855,599,0,0
Cuauhtemoc-Osiris ,CAMINO,2024,DICIEMBRE,158081,580,5902,7579,0,13392,10696,5671,59722,12512,3164,138,24899,0,302336,2995,2,0
Culiacán,PUENTE NACIONAL,2024,DICIEMBRE,185420,2325,5404,712,19,6366,2872,305,4070,450,1,1,442,0,208387,1559,0,0
Sinaloa,PUENTE NACIONAL,2024,DICIEMBRE,249708,2211,12278,5826,31,15097,11425,3205,64022,5750,1137,40,18239,0,388969,3806,6,0
Pánuco,PUENTE NACIONAL,2024,DICIEMBRE,148791,9720,9387,372,27,4823,2718,174,2482,1837,41,11,1966,0,182349,1003,78,0
Alvarado,PUENTE NACIONAL,2024,DICIEMBRE,148305,13267,8572,570,1,5082,6034,214,2568,951,15,5,366,0,185950,1083,1,0
Papaloapan,PUENTE NACIONAL,2024,DICIEMBRE,79195,17565,3135,166,1,3987,3439,144,2590,394,33,8,1159,0,111816,6907,1126,0
Caracol,PUENTE NACIONAL,2024,DICIEMBRE,128683,24022,12313,340,1,6497,4352,268,5224,1109,41,17,10555,0,193422,2512,1628,0
Nautla,PUENTE NACIONAL,2024,DICIEMBRE,75360,5606,2970,208,2,3953,2235,336,4788,656,24,3,874,0,97015,1014,5,0
Grijalva,PUENTE NACIONAL,2024,DICIEMBRE,422789,26076,12105,2258,66,16809,11175,1844,26079,7251,605,51,14539,0,541647,3230,61,0
Usumacinta,PUENTE NACIONAL,2024,DICIEMBRE,95883,13149,5779,1132,9,5265,5858,979,21638,3866,575,34,12491,0,166658,1679,13,0
Cadereyta,PUENTE NACIONAL,2024,DICIEMBRE,158602,5531,737,33,0,11077,5827,630,8091,2060,185,210,3915,0,196898,818,31,0
La Piedad,PUENTE NACIONAL,2024,DICIEMBRE,87627,2659,4048,725,0,6272,5740,512,9278,1258,29,2,294,0,118444,653,0,0
Tecolutla,PUENTE NACIONAL,2024,DICIEMBRE,99150,20806,3528,249,0,4059,2340,362,4849,740,23,4,820,0,136930,534,2,0
San Juan,PUENTE NACIONAL,2024,DICIEMBRE,48168,183,486,253,0,2546,1445,242,3458,558,36,99,6697,0,64171,855,883,0
Tampico,PUENTE NACIONAL,2024,DICIEMBRE,279134,3756,10908,3482,1,6478,3471,264,3316,348,21,16,1748,0,312943,1490,0,0
Tlacotalpan,PUENTE NACIONAL,2024,DICIEMBRE,55326,5965,1896,42,0,1541,938,36,528,82,2,0,38,0,66394,671,0,0
Dovalí Jaime,PUENTE NACIONAL,2024,DICIEMBRE,218429,6981,7124,3013,26,22060,25559,4183,90302,12941,1514,440,43076,0,435648,1934,23,0
Dovalí Jaime Bis,PUENTE NACIONAL,2024,DICIEMBRE,22009,2612,154,3,1,611,126,31,1032,19,3,0,182,0,26783,16,0,0
Refineria Lazaro Cárdenas,PUENTE NACIONAL,2024,DICIEMBRE,2331,47,33,3,0,147,120,13,53,70,3,13,55,0,2888,12,0,0
Matamoros,PÚENTE INTERNACIONAL,2024,DICIEMBRE,98004,346,0,0,0,77,1,6,0,0,0,0,0,0,98434,146,0,152594
Camargo,PÚENTE INTERNACIONAL,2024,DICIEMBRE,40832,21,0,0,0,73,181,26,1282,2,9,1,1469,0,43896,301,0,3132
Miguel Alemán,PÚENTE INTERNACIONAL,2024,DICIEMBRE,66634,34,0,77,0,100,128,33,2509,19,0,0,0,0,69534,300,0,17937
Reynosa,PÚENTE INTERNACIONAL,2024,DICIEMBRE,124101,458,67,1069,2,107,13,9,0,0,0,0,0,0,125826,569,0,201860
   Línea Express,PÚENTE INTERNACIONAL,2024,DICIEMBRE,90711,0,0,0,0,0,0,0,0,0,0,0,0,0,90711,0,0,0
Las Flores,PÚENTE INTERNACIONAL,2024,DICIEMBRE,54151,56,0,0,0,90,26,35,1176,532,18,8,1545,0,57637,150,26,109945
Ojinaga,PÚENTE INTERNACIONAL,2024,DICIEMBRE,62648,28,21,143,2,637,129,114,559,12,3,14,25,0,64335,1084,17,4898
Rodolfo Robles,PÚENTE INTERNACIONAL,2024,DICIEMBRE,5821,59914,63,30,0,8,1,0,0,0,0,0,0,11495,77332,2,0,35250
Piedras Negras,PÚENTE INTERNACIONAL,2024,DICIEMBRE,76936,75,0,0,0,130,0,1,0,0,0,0,0,0,77142,84,0,79710
Acuña,PÚENTE INTERNACIONAL,2024,DICIEMBRE,137641,366,0,0,0,1351,765,119,3450,24,27,0,0,0,143743,1102,0,11826
Laredo,PÚENTE INTERNACIONAL,2024,DICIEMBRE,0,0,0,0,0,0,0,0,0,0,0,0,0,0,0,0,0,280788
   Línea Express,PÚENTE INTERNACIONAL,2024,DICIEMBRE,140312,0,0,0,0,0,0,0,0,0,0,0,0,0,140312,0,0,0
Juárez-Lincoln,PÚENTE INTERNACIONAL,2024,DICIEMBRE,248691,1082,19,3413,0,366,19,97,12,0,0,0,0,0,253699,1947,0,0
Suchiate II,PÚENTE INTERNACIONAL,2024,DICIEMBRE,1564,0,160,4,0,1066,901,84,9021,1687,33,2,21,0,14543,77,0,0
Chapalilla - Compostela ,CAMINO,2025,ENERO,76383,2383,3022,314,14,3327,1905,264,1500,609,12,0,84,0,89817,644,0,0
Cuauhtemoc-Osiris ,CAMINO,2025,ENERO,123554,450,4441,6528,0,13163,10538,5693,62715,13473,3476,159,26335,0,270525,2249,2,0
Culiacán,PUENTE NACIONAL,2025,ENERO,177690,2320,5282,644,7,6313,2886,354,4550,483,3,1,642,0,201175,1455,0,0
Sinaloa,PUENTE NACIONAL,2025,ENERO,233260,1955,12926,5531,27,14331,13887,3537,69433,7240,1143,65,21842,0,385177,3503,18,0
Pánuco,PUENTE NACIONAL,2025,ENERO,131174,7945,8644,253,24,4612,2750,182,2635,2466,21,7,2014,0,162727,900,45,0
Alvarado,PUENTE NACIONAL,2025,ENERO,127284,11096,7765,443,2,4730,5027,202,2691,1205,10,5,498,0,160958,1001,3,0
Papaloapan,PUENTE NACIONAL,2025,ENERO,64564,15330,3008,86,7,3621,4142,120,2714,360,46,8,1234,0,95240,6998,1081,0
Caracol,PUENTE NACIONAL,2025,ENERO,124233,22780,11534,243,0,6468,4296,299,5613,1125,37,11,11418,0,188057,3342,2499,0
Nautla,PUENTE NACIONAL,2025,ENERO,66820,4185,2700,152,1,3712,2367,260,4347,746,17,3,797,0,86107,889,0,0
Grijalva,PUENTE NACIONAL,2025,ENERO,387648,24146,11211,2216,29,15954,10013,1494,22823,7821,481,49,13812,0,497697,3134,105,0
Usumacinta,PUENTE NACIONAL,2025,ENERO,83153,12174,4799,947,9,4696,5183,885,19176,4090,478,44,10877,0,146511,1598,39,0
Cadereyta,PUENTE NACIONAL,2025,ENERO,146207,4376,946,10,0,10881,5898,665,8969,2315,212,336,4127,0,184942,820,19,0
La Piedad,PUENTE NACIONAL,2025,ENERO,83618,2467,4012,655,0,6138,5864,588,9836,1559,24,3,307,0,115071,553,0,0
Tecolutla,PUENTE NACIONAL,2025,ENERO,86724,16603,3079,191,0,3734,2431,317,4372,834,18,1,800,0,119104,457,0,0
San Juan,PUENTE NACIONAL,2025,ENERO,44084,137,436,243,0,2421,1326,206,3725,695,56,68,7313,0,60710,952,1066,0
Tampico,PUENTE NACIONAL,2025,ENERO,237772,3198,9473,3305,0,5895,3055,231,3274,351,20,11,1685,0,268270,1100,4,0
Tlacotalpan,PUENTE NACIONAL,2025,ENERO,47567,5250,1648,14,0,1398,1130,37,658,56,2,0,46,0,57806,767,0,0
Dovalí Jaime,PUENTE NACIONAL,2025,ENERO,176959,6002,6192,2515,5,18982,22800,4149,81416,13198,1270,457,46151,0,380096,1608,27,0
Dovalí Jaime Bis,PUENTE NACIONAL,2025,ENERO,18013,2072,32,2,1,503,85,31,1045,15,1,0,225,0,22025,11,0,0
Refineria Lazaro Cárdenas,PUENTE NACIONAL,2025,ENERO,2157,35,1,1,0,135,96,5,99,77,0,17,67,0,2690,10,0,0
Matamoros,PÚENTE INTERNACIONAL,2025,ENERO,92308,246,0,0,0,73,0,7,0,0,0,0,0,0,92634,251,0,134784
Camargo,PÚENTE INTERNACIONAL,2025,ENERO,35766,13,0,0,0,59,165,17,869,3,12,1,1848,0,38753,264,0,2652
Miguel Alemán,PÚENTE INTERNACIONAL,2025,ENERO,58695,63,0,66,0,116,138,23,3008,23,1,0,0,0,62133,267,0,13315
Reynosa,PÚENTE INTERNACIONAL,2025,ENERO,115524,366,41,1006,0,102,10,8,1,0,0,0,0,0,117058,519,0,163705
   Línea Express,PÚENTE INTERNACIONAL,2025,ENERO,83800,0,0,0,0,0,0,0,0,0,0,0,0,0,83800,0,0,0
Las Flores,PÚENTE INTERNACIONAL,2025,ENERO,46604,31,0,0,0,74,54,27,1108,443,22,14,2008,0,50385,136,110,97181
Ojinaga,PÚENTE INTERNACIONAL,2025,ENERO,60646,58,22,143,1,635,160,141,667,18,0,25,13,0,62529,1420,7,3675
Rodolfo Robles,PÚENTE INTERNACIONAL,2025,ENERO,4693,50073,38,26,0,6,0,1,0,0,0,0,0,7810,62647,6,0,31297
Piedras Negras,PÚENTE INTERNACIONAL,2025,ENERO,84899,69,0,0,0,186,1,2,0,0,0,0,0,0,85157,139,0,52376
Acuña,PÚENTE INTERNACIONAL,2025,ENERO,131884,310,0,0,0,1389,892,126,3648,40,29,0,0,0,138318,1238,0,9330
Laredo,PÚENTE INTERNACIONAL,2025,ENERO,0,0,0,0,0,0,0,0,0,0,0,0,0,0,0,0,0,223607
   Línea Express,PÚENTE INTERNACIONAL,2025,ENERO,123400,0,0,0,0,0,0,0,0,0,0,0,0,0,123400,0,0,0
Juárez-Lincoln,PÚENTE INTERNACIONAL,2025,ENERO,235943,791,18,2899,0,401,19,78,3,0,0,0,0,0,240152,2820,0,0
Suchiate II,PÚENTE INTERNACIONAL,2025,ENERO,563,0,67,3,0,623,743,42,9054,1694,27,2,43,0,12861,42,0,0
Chapalilla - Compostela ,CAMINO,2025,FEBRERO,63338,2044,2625,268,63,2945,1928,772,896,455,4,51,49,0,75438,395,21538,0
Cuauhtemoc-Osiris ,CAMINO,2025,FEBRERO,90914,698,3548,5421,3373,11421,9342,46831,20295,6146,429,21278,2262,0,221958,1615,0,0
Culiacán,PUENTE NACIONAL,2025,FEBRERO,154751,1873,4757,574,81,5668,2687,1926,2658,243,3,587,86,0,175894,1345,14156,0
Sinaloa,PUENTE NACIONAL,2025,FEBRERO,196329,1775,10021,4273,1676,13344,12617,46802,23833,3710,120,15629,3875,0,334004,2965,102524,0
Pánuco,PUENTE NACIONAL,2025,FEBRERO,115887,8635,7265,124,92,4231,3196,1224,2608,1268,7,1635,598,0,146770,983,19277,0
Alvarado,PUENTE NACIONAL,2025,FEBRERO,110659,12204,6996,348,40,4221,5236,1451,1626,604,1,306,95,0,143787,852,21856,0
Papaloapan,PUENTE NACIONAL,2025,FEBRERO,51586,13844,2641,70,43,3193,3581,892,1816,304,4,582,359,0,78915,6568,11389,0
Caracol,PUENTE NACIONAL,2025,FEBRERO,110454,18962,10222,199,159,6004,4053,2950,2989,576,37,9032,1047,0,166684,3099,42558,0
Nautla,PUENTE NACIONAL,2025,FEBRERO,60721,4647,2429,82,80,3652,2310,2819,2019,444,10,452,330,0,79995,837,11985,0
Grijalva,PUENTE NACIONAL,2025,FEBRERO,343761,21806,9342,1708,692,14940,9326,13596,9892,4409,109,11466,1752,0,442799,2802,70822,0
Usumacinta,PUENTE NACIONAL,2025,FEBRERO,66098,12190,3071,595,352,4469,4790,10907,6987,2229,79,10071,1354,0,123192,1185,35699,0
Cadereyta,PUENTE NACIONAL,2025,FEBRERO,138875,4715,679,11,263,10199,6689,5594,4486,1387,162,4045,791,0,177896,578,29814,0
La Piedad,PUENTE NACIONAL,2025,FEBRERO,70355,2356,3600,579,118,5503,5266,2917,6505,884,19,116,114,0,98332,444,18623,0
Tecolutla,PUENTE NACIONAL,2025,FEBRERO,79452,17826,2846,134,78,3689,2477,2719,2207,570,12,407,358,0,112775,521,12446,0
San Juan,PUENTE NACIONAL,2025,FEBRERO,39894,171,641,226,48,2334,1505,2349,2139,461,41,3841,2604,0,56254,934,11162,0
Tampico,PUENTE NACIONAL,2025,FEBRERO,181121,3145,7013,2282,49,5368,2981,2175,1234,178,10,1304,365,0,207225,1027,121405,0
Tlacotalpan,PUENTE NACIONAL,2025,FEBRERO,47674,7133,1882,77,4,1231,775,134,596,40,1,21,35,0,59603,657,6747,0
Dovalí Jaime,PUENTE NACIONAL,2025,FEBRERO,140065,6143,4636,1725,2082,18288,22365,59532,28628,5583,551,37864,4741,0,332203,1378,158700,0
Dovalí Jaime Bis,PUENTE NACIONAL,2025,FEBRERO,16845,2106,70,0,0,499,86,21,828,20,9,3,156,0,20643,7,0,0
Refineria Lazaro Cárdenas,PUENTE NACIONAL,2025,FEBRERO,1714,47,0,0,0,142,85,13,75,55,0,10,61,0,2202,3,0,0
Matamoros,PÚENTE INTERNACIONAL,2025,FEBRERO,84468,249,0,0,0,51,0,2,0,0,0,0,0,0,84770,146,4352,128520
Camargo,PÚENTE INTERNACIONAL,2025,FEBRERO,33966,27,0,0,0,64,162,795,283,19,3,1422,91,0,36832,243,3065,2525
Miguel Alemán,PÚENTE INTERNACIONAL,2025,FEBRERO,54946,79,0,64,24,85,172,1721,1808,11,0,0,12,0,58922,264,2896,15826
Reynosa,PÚENTE INTERNACIONAL,2025,FEBRERO,84723,361,56,828,3,50,12,7,0,0,0,0,2,0,86042,372,1602,170989
   Línea Express,PÚENTE INTERNACIONAL,2025,FEBRERO,79409,0,0,0,0,0,0,0,0,0,0,0,0,0,79409,0,0,0
Las Flores,PÚENTE INTERNACIONAL,2025,FEBRERO,39100,148,0,0,6,84,66,88,1110,102,9,558,1245,0,42516,92,865,100011
Ojinaga,PÚENTE INTERNACIONAL,2025,FEBRERO,52298,51,24,125,2,550,130,121,446,17,0,29,8,0,53801,807,494,2517
Rodolfo Robles,PÚENTE INTERNACIONAL,2025,FEBRERO,4227,46710,45,36,0,8,0,0,0,0,0,0,0,7250,58276,0,0,28140
Piedras Negras,PÚENTE INTERNACIONAL,2025,FEBRERO,70733,54,0,0,0,112,0,1,0,0,0,0,0,0,70900,79,20088,51351
Acuña,PÚENTE INTERNACIONAL,2025,FEBRERO,112666,365,0,0,25,1243,839,3384,1871,22,29,0,32,0,120476,752,11853,9739
Laredo,PÚENTE INTERNACIONAL,2025,FEBRERO,0,0,0,0,0,0,0,0,0,0,0,0,0,0,0,0,0,208941
   Línea Express,PÚENTE INTERNACIONAL,2025,FEBRERO,112908,0,0,0,0,0,0,0,0,0,0,0,0,0,112908,0,0,0
Juárez-Lincoln,PÚENTE INTERNACIONAL,2025,FEBRERO,205170,949,17,2192,4,406,108,56,10,0,0,0,267,0,209179,1136,67640,0
Suchiate II,PÚENTE INTERNACIONAL,2025,FEBRERO,986,0,134,2,0,810,687,55,7939,1476,21,1,66,0,12177,40,2,0
Chapalilla - Compostela ,CAMINO,2025,MARZO,71872,2667,2954,312,3,3251,2200,296,1606,700,7,1,51,0,85920,607,0,0
Cuauhtemoc-Osiris ,CAMINO,2025,MARZO,114107,787,4418,6866,0,13789,11083,5418,66969,13628,2988,155,26378,0,266586,2249,0,0
Culiacán,PUENTE NACIONAL,2025,MARZO,180020,2732,5388,610,8,6300,3037,403,4806,660,0,3,586,0,204553,1699,0,0
Sinaloa,PUENTE NACIONAL,2025,MARZO,226085,2093,10037,4699,13,15103,14146,3865,74644,7847,1307,77,21652,0,381568,3922,7,0
Pánuco,PUENTE NACIONAL,2025,MARZO,133524,10478,7932,162,31,4774,2771,178,2611,2230,14,5,2124,0,166834,1018,48,0
Alvarado,PUENTE NACIONAL,2025,MARZO,119511,13552,7587,399,1,4590,4859,188,2675,1359,5,3,450,0,155179,1083,0,0
Papaloapan,PUENTE NACIONAL,2025,MARZO,57608,16540,2846,73,9,3741,4107,145,2808,367,28,5,966,0,89243,7341,954,0
Caracol,PUENTE NACIONAL,2025,MARZO,128383,22933,11186,267,0,6608,4884,365,5847,1240,72,70,11704,0,193559,3391,2659,0
Nautla,PUENTE NACIONAL,2025,MARZO,74189,6294,2757,87,1,4131,2536,373,5056,880,19,9,810,0,97142,1189,0,0
Grijalva,PUENTE NACIONAL,2025,MARZO,396101,23920,10209,2009,82,16779,10077,1508,23145,8428,457,55,14492,0,507262,3675,66,0
Usumacinta,PUENTE NACIONAL,2025,MARZO,75564,13702,3495,611,6,4988,5614,879,16964,3820,460,38,12435,0,138576,1580,11,0
Cadereyta,PUENTE NACIONAL,2025,MARZO,162248,6096,823,24,0,11353,8298,940,9084,2876,199,274,4672,0,206887,947,16,0
La Piedad,PUENTE NACIONAL,2025,MARZO,74691,2680,3955,648,0,6101,5774,542,9271,1478,39,4,239,0,105422,466,0,0
Tecolutla,PUENTE NACIONAL,2025,MARZO,99907,21343,3472,244,0,4094,2464,376,5209,1034,15,2,857,0,139017,689,1,0
San Juan,PUENTE NACIONAL,2025,MARZO,53892,249,726,249,0,2680,1719,300,3837,642,46,97,6276,0,70713,1119,712,0
Tampico,PUENTE NACIONAL,2025,MARZO,208831,4156,7805,2709,0,6039,3090,245,3430,351,22,8,2040,0,238726,1220,0,0
Tlacotalpan,PUENTE NACIONAL,2025,MARZO,40552,6034,1751,23,0,1287,1520,41,1040,49,0,0,25,0,52322,579,0,0
Dovalí Jaime,PUENTE NACIONAL,2025,MARZO,160890,7005,5457,2056,13,20311,24524,5001,89162,13163,1247,655,48632,0,378116,1939,43,0
Dovalí Jaime Bis,PUENTE NACIONAL,2025,MARZO,19013,2497,38,1,0,516,115,23,727,15,6,1,145,0,23097,16,0,0
Refineria Lazaro Cárdenas,PUENTE NACIONAL,2025,MARZO,1913,59,9,2,0,136,92,7,86,60,1,12,49,0,2426,19,0,0
Matamoros,PÚENTE INTERNACIONAL,2025,MARZO,92337,330,1,0,0,63,0,1,0,0,0,0,0,0,92732,155,0,146135
Camargo,PÚENTE INTERNACIONAL,2025,MARZO,39791,34,0,0,0,81,176,3,921,2,11,1,1703,0,42723,337,0,3039
Miguel Alemán,PÚENTE INTERNACIONAL,2025,MARZO,60078,116,0,66,0,116,144,53,3407,19,3,0,1,0,64003,388,0,18022
Reynosa,PÚENTE INTERNACIONAL,2025,MARZO,80739,518,43,950,1,99,7,14,2,0,0,0,0,0,82373,384,0,203456
   Línea Express,PÚENTE INTERNACIONAL,2025,MARZO,84968,0,0,0,0,0,0,0,0,0,0,0,0,0,84968,0,0,0
Las Flores,PÚENTE INTERNACIONAL,2025,MARZO,37165,36,0,0,0,78,95,13,1200,326,20,11,2405,0,41349,100,28,121539
Ojinaga,PÚENTE INTERNACIONAL,2025,MARZO,60939,40,28,143,0,672,126,147,677,23,6,34,15,0,62850,1132,3,3316
Rodolfo Robles,PÚENTE INTERNACIONAL,2025,MARZO,5058,52850,44,40,0,7,1,0,0,0,0,0,0,8875,66875,1,0,28573
Piedras Negras,PÚENTE INTERNACIONAL,2025,MARZO,74059,54,1,0,0,118,1,2,0,0,0,0,0,0,74235,104,0,69716
Acuña,PÚENTE INTERNACIONAL,2025,MARZO,131167,624,0,0,0,1368,856,135,4549,40,19,0,0,0,138758,1013,0,11877
Laredo,PÚENTE INTERNACIONAL,2025,MARZO,0,0,0,0,0,0,0,0,0,0,0,0,0,0,0,0,0,257820
   Línea Express,PÚENTE INTERNACIONAL,2025,MARZO,128228,0,0,0,0,0,0,0,0,0,0,0,0,0,128228,0,0,0
Juárez-Lincoln,PÚENTE INTERNACIONAL,2025,MARZO,216033,1303,23,2527,0,351,48,66,11,0,0,0,0,0,220362,1589,0,0
Suchiate II,PÚENTE INTERNACIONAL,2025,MARZO,1320,0,165,2,0,964,855,73,10085,1777,30,0,89,0,15360,60,0,0
